word_en,word_fr,concept_id
a la mode,à la mode,a00971506
abalone,abalone,n01942869
abatis,abatis,n02666735
abattoir,abattoir,n02666943
abduction,abduction,n00333037
abduction,abduction,n00775460
ablative case,ablatif,n06312418
absinthe,absinthe,n07908411
absinthe,absinthe,n11929477
abstention,abstention,n04882622
abusive,abusif,a01160584
abusive,abusif,a01628531
academic,académique,a00862718
academic,académique,a02083908
academic,académique,a02599939
academy,académie,n02669885
academy,académie,n08277805
academy,académie,n08279298
academy,académie,n08280124
accolade,accolade,n06696483
accomplishment,accomplissement,n00035189
accomplishment,accomplissement,n05637558
accoucheur,accoucheur,n10369699
accoucheuse,accoucheuse,n10314836
accoutre,accoutrer,v02342016
acephalous,acéphale,a01184448
acetic,acétique,a03039907
acetylene,acétylène,n14600742
acid,acide,n02675657
acid,acide,n14607521
acidification,acidification,n13426238
acidity,acidité,n04993882
acidity,acidité,n05039526
acidity,acidité,n05716961
aconite,aconit,n11722982
acoustic,acoustique,a02868489
acoustic,acoustique,n02675987
acoustics,acoustique,n06094774
acre,acre,n13613742
acrobat,acrobate,n09764381
acromegaly,acromégalie,n14368483
acrostic,acrostiche,n06366130
acrostic,acrostiche,n06786209
actinium,actinium,n14627655
adage,adage,n07153838
adaptation,adaptation,n00193406
adaptation,adaptation,n06408779
adaptation,adaptation,n13427078
adhesion,adhésion,n01212882
adhesion,adhésion,n04935528
adhesive,adhésif,n14702416
admiralty,amirauté,n00588703
admiralty,amirauté,n08349548
admiration,admiration,n01218593
admiration,admiration,n07500741
admiration,admiration,n07509996
admire,admirer,v01827858
admire,admirer,v02164694
adolescent,adolescent,a01490061
adolescent,adolescent,a01492596
adolescent,adolescent,a01647983
adolescent,adolescent,a02602261
adolescent,adolescent,n09772029
adoption,adoption,n00084371
adoption,adoption,n00180413
adoption,adoption,n01185292
adrenaline,adrénaline,n05408388
adroit,adroit,a00061262
adsorb,adsorber,v01540232
adulation,adulation,n06695753
adult,adulte,a01488616
adult,adulte,n01321456
adult,adulte,n09605289
adverb,adverbe,n06319157
adverb,adverbe,n06323612
aerobic,aérobie,a00068566
aerobic,aérobie,a00069217
aerodynamics,aérodynamique,n06114351
aeronaut,aéronaute,n09826204
aeronautics,aéronautique,n06096913
aeroplane,aéroplane,n02691156
aesthetic,esthétique,a00069531
aesthetic,esthétique,a02393086
aesthetic,esthétique,a02991287
aesthetic,esthétique,n05968971
affable,affable,a01075178
affection,affection,n07544647
affiliation,affiliation,n01082061
affiliation,affiliation,n13930385
agent provocateur,agent provocateur,n09778392
aggrandize,agrandir,v00956405
agile,agile,a00032733
agile,agile,a01334833
agiotage,agiotage,n13324297
agitation,agitation,n07513508
agitation,agitation,n13979503
agnostic,agnostique,a01305929
agnostic,agnostique,n09779124
agonize,agoniser,v01794363
agonize,agoniser,v01794523
agronomy,agronomie,n06065819
aid,aide,n00654885
aid,aide,n01207609
aid,aide,n05154908
aid,aide,n13265904
aigrette,aigrette,n02685082
aileron,aileron,n02685253
aioli,aïoli,n07834774
albatross,albatros,n02058221
albatross,albatros,n05689645
albumin,albumine,n14731509
alcove,alcôve,n02696048
ale,ale,n07889510
alembic,alambic,n02696246
alert,alerte,n06803157
alert,alerte,n07224774
algorithm,algorithme,n05847438
alienist,aliéniste,n09783653
aliment,aliment,n07570720
aliquot,aliquote,a00516887
aliquot,aliquote,n13734629
alizarin,alizarine,n14986277
alkali,alcali,n14618253
alkali,alcali,n14712036
allemande,allemande,n07840124
alligator,alligator,n01698434
alligator,alligator,n14760447
alligator,alligator,v00337700
alpine,alpin,a01219373
alpine,alpin,a03025590
alpine,alpin,a03025746
altercation,altercation,n07184545
altruism,altruisme,n04833276
amaranth,amarante,n11823043
amaranth,amarante,n11823305
amateur,amateur,a01869634
amateur,amateur,a01870636
amateur,amateur,n09786585
amateur,amateur,n09786760
ambiance,ambiance,n14524849
ambulance,ambulance,n02701002
ambuscade,embuscade,n01246926
ambuscade,embuscade,v01138204
amelioration,amélioration,n00261029
amendment,amendement,n01250101
amendment,amendement,n06723635
amenity,aménité,n04779053
ammonite,ammonite,n09195958
amniotic,amniotique,a02618108
amour propre,amour-propre,n07508996
amphibology,amphibologie,n06604743
ampoule,ampoule,n03923379
anaerobic,anaérobie,a00069060
anaerobic,anaérobie,a00069427
analyst,analyste,n09790278
analyst,analyste,n09790482
analyst,analyste,n09791530
analyze,analyser,v00643197
analyze,analyser,v00643473
analyze,analyser,v00644583
analyze,analyser,v00736216
ananas,ananas,n07753275
ananas,ananas,n12607198
anarchist,anarchiste,n09791816
anatomy,anatomie,n00646187
anatomy,anatomie,n05217168
anatomy,anatomie,n06057539
androgyne,androgyne,n10172080
anecdote,anecdote,n07220586
anhedonia,anhédonie,n14026285
animality,animalité,n04623443
anime,animé,n14766265
anime,animé,n14896018
animosity,animosité,n07548100
anisette,anisette,n07908647
anjou,anjou,n07768139
annalist,annaliste,n09794797
annex,annexe,n08493825
annular,annulaire,a02044860
anode,anode,n02714315
anode,anode,n02714535
anomie,anomie,n04851865
anomie,anomie,n14415898
anther,anthère,n11675245
antibiotic,antibiotique,a02629301
antibiotic,antibiotique,n02716866
antigen,antigène,n15037339
antique,antique,a00974159
antique,antique,a01638962
antique,antique,a01639446
antique,antique,n02723754
antique,antique,n10376890
antique,antique,v00253501
antique,antique,v02326795
apache,apache,n06919433
apache,apache,n09607208
apache,apache,n09649926
apanage,apanage,n13254443
apanage,apanage,n13298287
apathy,apathie,n04636610
apathy,apathie,n07483622
aphasia,aphasie,n14097574
apogee,apogée,n08495420
apogee,apogée,n15291199
apologue,apologue,n06372095
apology,apologie,n05821102
apology,apologie,n06740919
apoplectic,apoplectique,a02634569
apostrophe,apostrophe,n06841987
apostrophe,apostrophe,n07101937
appanage,apanage,n13254443
appanage,apanage,n13298287
apparent,apparent,a01618376
apparent,apparent,a01873985
apparition,apparition,n00050484
apparition,apparition,n07323436
appearance,apparence,n04673965
appearance,apparence,n05939432
appearance,apparence,n07321772
apperception,aperception,n05708658
appose,apposer,v01500214
appreciable,appréciable,a00624416
arabesque,arabesque,n02732572
arabesque,arabesque,n05081802
arachnid,arachnide,n01769347
arbitrage,arbitrage,n01093965
arbitrager,arbitragiste,n09803800
arbitrageur,arbitragiste,n09803800
arbitral,arbitral,a02637730
arc-boutant,arc-boutant,n03373943
archduchy,archiduché,n08556950
archimandrite,archimandrite,n09754404
architect,architecte,n09805475
architecture,architecture,n00610738
architecture,architecture,n02734725
architecture,architecture,n04932278
architecture,architecture,n06123363
archive,archives,n02735086
are,are,n13613862
argot,argot,n07157273
argumentation,argumentation,n05773049
argumentation,argumentation,n07140978
aridity,aridité,n14537250
aristocrat,aristocrate,n09807754
aristocratic,aristocratique,a01590484
armagnac,armagnac,n07903731
armet,armet,n02738741
armistice,armistice,n13970912
armoire,armoire,n02739550
arrangement,arrangement,n00939628
arrangement,arrangement,n05075602
arrangement,arrangement,n07038400
arrangement,arrangement,n07938773
art deco,art déco,n08465118
art nouveau,art nouveau,n08465312
artifice,artifice,n00172598
artisan,artisan,n09974648
artist,artiste,n09812338
artiste,artiste,n09813126
artistic,artistique,a00069948
artistic,artistique,a02393086
artistic,artistique,a02991122
aspic,aspic,n07808675
assist,assister,v02414710
assist,assister,v02540670
assist,assister,v02547586
assistant,assistant,a00793250
assistant,assistant,n09815790
association,association,n01081628
association,association,n05763916
association,association,n07990377
association,association,n08049401
association,association,n13435152
association,association,n13782769
association,association,n13930385
association,association,n14421139
assonance,assonance,n07097346
asteroid,astéroïde,a02048344
asteroid,astéroïde,n09208702
atavism,atavisme,n07343574
atelier,atelier,n02746841
atheist,athéiste,n09820044
athletic,athlétique,a00032497
athletic,athlétique,a00828661
athletic,athlétique,a02907656
atrophy,atrophie,n07427060
atrophy,atrophie,n14365741
atrophy,atrophie,v00093979
attack,attaque,n00236953
attack,attaque,n00457723
attack,attaque,n00773814
attack,attaque,n00941140
attack,attaque,n00972621
attack,attaque,n01220619
attack,attaque,n06711159
attack,attaque,n13435548
attack,attaque,v00019792
attack,attaque,v00347610
attack,attaque,v01120069
au pair,au pair,n09823683
au revoir,au revoir,n06629610
auberge,auberge,n03541696
aubergine,aubergine,n07713074
aubergine,aubergine,n12896000
audience,audience,n07143624
audience,audience,n08221897
audience,audience,n08222293
audience,audience,n14484778
autoclave,autoclave,n02758960
autoclave,autoclave,v00062973
autocrat,autocrate,n10735298
automatic,automatique,a00181476
automatic,automatique,a01499999
automatic,automatique,a02522669
automatic,automatique,n02760658
automatic,automatique,n02760855
automatize,automatiser,v00479932
automatize,automatiser,v00480221
automobile,automobile,n02958343
automobile,automobile,v01930738
avalanche,avalanche,n07285036
avalanche,avalanche,n07405137
avalanche,avalanche,v01966706
avant-garde,avant-garde,n08465558
aventurine,aventurine,n15064560
avenue,avenue,n00941604
avenue,avenue,n02763472
aviation,aviation,n00300441
aviation,aviation,n05635188
aviation,aviation,n08067218
aviation,aviation,n08433727
aviator,aviateur,n09826204
avocet,avocette,n02036711
aye-aye,aye-aye,n02498153
azote,azote,n14647623
baba au rhum,baba au rhum,n07629898
babiroussa,babiroussa,n02396796
baby boom,babyboom,n08371838
baby-sitter,baby-sitter,n09829305
baccalaureate,baccalauréat,n06698252
backgammon,backgammon,n00502822
bacteriophage,bactériophage,n01334862
badinage,badinage,n06777961
badminton,badminton,n00480508
bagasse,bagasse,n14772317
bagel,bagel,n07693725
baguette,baguette,n07687381
bain-marie,bain-marie,n02776007
ball,bal,n00107400
ball,bal,n02778669
ball,bal,n03802228
ball,bal,n07448885
ball,bal,n08253268
ball,bal,n13899404
ball,bal,v01523270
ballad,ballade,n06378298
ballad,ballade,n07049713
ballade,ballade,n06378427
ballet,ballet,n00528667
ballet,ballet,n07054336
balletomane,balletomane,n09835153
ballottement,ballottement,n00144182
baluster,balustre,n02783994
balustrade,balustrade,n02788148
banal,banal,a01688757
banality,banalité,n07154046
bandage,bandage,n02785648
bandage,bandage,v00083124
banker,banquier,n09837720
banker,banquier,n09837824
banneret,banneret,n10238898
barbecue,barbecue,n02790669
barbecue,barbecue,n07576781
barbecue,barbecue,n07654148
barbecue,barbecue,v00324806
barcarole,barcarolle,n07049931
barcarolle,barcarolle,n07049931
bard,barde,n02792305
bard,barde,n09839022
bard,barde,v01670315
barmaid,barmaid,n09839702
barman,barman,n09841188
baron,baron,n09840217
baroque,baroque,a02974023
baroque,baroque,n15259076
barrage,barrage,n07083441
barricade,barricade,n02796412
barricade,barricade,n04096848
barricade,barricade,v01127075
barricade,barricade,v01127215
baseball,baseball,n00471613
baseball,baseball,n02799071
basilar,basilaire,a02659733
basketball,basket,n00480993
basketball,basket,n02802426
basque,basque,n06966695
basque,basque,n09692250
bassoon,basson,n02804610
bastion,bastion,n02806088
bastion,bastion,n08064372
bathyscaphe,bathyscaphe,n02808829
batiste,batiste,n02809241
baud,baud,n13579679
bauxite,bauxite,n14668277
bay,baie,a00395977
bay,baie,n02388917
bay,baie,n02696048
bay,baie,n02812631
bay,baie,n02812785
bay,baie,n07376836
bay,baie,n09215664
bay,baie,n11704093
bay,baie,v01047951
bay,baie,v01048073
bazooka,bazooka,n02813752
beatify,béatifier,v00822912
beatify,béatifier,v01812068
beatify,béatifier,v01812324
beau geste,beau geste,n01228544
beaujolais,beaujolais,n07894102
beefsteak,bifteck,n07658168
begonia,bégonia,n12360108
beguine,béguine,n00535321
beguine,béguine,n07054994
beguine,béguine,n10602695
beignet,beignet,n07639716
belle,belle,n09849012
belles-lettres,belles-lettres,n06366269
benedictine,bénédictin,a03047501
benedictine,bénédictin,a03047611
benedictine,bénédictin,n07908812
benedictine,bénédictin,n10112434
berceuse,berceuse,n07051851
beret,béret,n02831237
bergamot,bergamote,n12708941
bestiary,bestiaire,n06412610
bestseller,best-seller,n06412497
bezique,bésigue,n00494100
bidet,bidet,n02836174
bigarade,bigarade,n12708654
bigot,bigot,n09853645
bigotry,bigoterie,n06206210
bijou,bijou,n02837702
bikini,bikini,n02837789
billion,billion,a02199342
billion,billion,a02199523
billion,billion,n13751829
billion,billion,n13752172
binocular,binoculaire,a02872265
biopsy,biopsie,n05740929
bisque,bisque,n07584332
bistre,bistre,n14843640
bistro,bistro,n02844214
bit,bit,n02844714
bit,bit,n07009042
bit,bit,n07309457
bit,bit,n13625237
bit,bit,n13761407
bizarre,bizarre,a00608791
blog,blog,n06402202
blues,blues,n07051185
blues,blues,n14404460
bluff,bluff,a00764301
bluff,bluff,a01145422
bluff,bluff,n00756598
bluff,bluff,n06759602
bluff,bluff,n09224725
bluff,bluff,v00837872
bluff,bluff,v01076953
bobbin,bobine,n02860415
boche,boche,n09748239
bodybuilding,bodybuilding,n00625993
bolide,bolide,n11484260
bomb,bombe,n02866578
bomb,bombe,n02867592
bomb,bombe,n07365193
bomb,bombe,v01131902
bomb,bombe,v02523521
bomber jacket,bomber,n02867966
bon mot,bon mot,n06776783
bon vivant,bon vivant,n10061656
bon voyage,bon voyage,n06629858
bonbon,bonbon,n07599649
bonhomie,bonhomie,n04654652
bonus,bonus,n05829656
bonus,bonus,n13273154
boo-boo,bobo,n00074790
bookmaker,bookmaker,n09866222
bookmaker,bookmaker,n09866354
boom,boom,n02871631
bordeaux,bordeaux,n07895237
bordelaise,bordelaise,n07835823
boudoir,boudoir,n02878534
bouillabaisse,bouillabaisse,n07591586
bouillon,bouillon,n07584938
boule,boule,n02878628
boulevard,boulevard,n02763472
bound,bondir,v01963942
bouquet,bouquet,n02879087
bouquet,bouquet,n04980463
bourdon,bourdon,n03245724
bourgeois,bourgeois,a00260695
bourgeois,bourgeois,a00260780
bourgeois,bourgeois,a00297598
bourgeois,bourgeois,n09869830
bourgeois,bourgeois,n09882716
bourgeoisie,bourgeoisie,n08181658
boutique,boutique,n02879309
boutonniere,boutonnière,n02879422
bouvier des flandres,bouvier des flandres,n02106382
bowling,bowling,n00041740
bowling,bowling,n00104976
bowling,bowling,n00461782
boycott,boycott,n00206130
boycott,boycott,v02465494
boycott,boycotter,n00206130
boycott,boycotter,v02465494
brassard,brassard,n02892392
brasserie,brasserie,n02892499
bravado,bravade,n06889591
brave,brave,a00250119
brave,brave,a00262792
breton,breton,n06961771
breton,breton,n09709001
briar,bruyère,n12227658
briard,briard,n02105251
bric-a-brac,bric-à-brac,n02897692
brick,brique,n02897820
brick,brique,n09874428
bridge,bridge,n00490569
bridge,bridge,n02899257
bridge,bridge,n02899569
bridge,bridge,n02899808
bridge,bridge,n03831382
bridge,bridge,v01296324
bridge,bridge,v01915131
bridge,bridge,v02623194
brie,brie,n07852614
brigade,brigade,n08213978
brigadier,brigadier,n09875540
brilliant,brillant,a00402855
brilliant,brillant,a02009688
brioche,brioche,n07691539
briquet,briquette,n02902411
briquette,briquette,n02902411
brochette,brochette,n02903126
brochure,brochure,n06413889
bromine,brome,n14632129
brouhaha,brouhaha,n00552568
brouhaha,brouhaha,n07385660
brumaire,brumaire,n15176161
brumous,brumeux,a00461609
brunch,brunch,n07574923
brunch,brunch,v01185604
brusque,brusque,a00640660
brut,brut,a02368068
buccaneer,boucanier,n10435367
buccaneer,boucanier,v02616012
budge,bouger,v01893988
budget,budget,n13421462
budget,budget,n13421832
budget,budget,v00724029
bug,bogue,n02236896
bulldog,bouledogue,n02108672
bulldog,bouledogue,v01108815
bulldog,bouledogue,v01119030
bulldozer,bulldozer,n02916179
bulletin,bulletin,n06682290
bunker,bunker,n02920369
bureau de change,bureau de change,n08002125
bureau,bureau,n03015254
bureau,bureau,n08337324
bureaucrat,bureaucrate,n09880427
burette,burette,n02921592
burgundy,bourgogne,n04963905
burgundy,bourgogne,n07893891
burin,burin,n02922461
burlesque,burlesque,a02873654
burlesque,burlesque,n07017999
burlesque,burlesque,v00849939
burnoose,burnous,n02923535
business,business,n08401554
businessman,businessman,n09882007
businesswoman,businesswoman,n09882615
bustier,bustier,n02926426
butte,butte,n09230202
cabal,cabale,n05908882
cabaret,cabaret,n00520672
cabaret,cabaret,n02931417
cabernet,cabernet,n07895710
cabin,cabine,n02932019
cabin,cabine,n02932227
cabin,cabine,v01302577
cabochon,cabochon,n14700046
cabriolet,cabriolet,n02931013
cachalot,cachalot,n02067240
cachexia,cachexie,n14548105
cachou,cachou,n07607832
cacophony,cacophonie,n04984938
cacophony,cacophonie,n07377473
cadastral,cadastral,a02673022
cadastre,cadastre,n06502192
cadaveric,cadavérique,a02673139
caddy,caddy,n02935387
cadence,cadence,n04991879
cadence,cadence,n07045928
cadence,cadence,n07094093
cadet,cadet,n09886540
cadre,cadre,n08242100
cadre,cadre,n08358594
caffeine,caféine,n14761122
calabash,calebasse,n03449451
calamine,calamine,n14678406
calamint,calament,n12842887
calibre,calibre,n04728068
calibre,calibre,n05103283
calligraphy,calligraphie,n06403969
calorie,calorie,n13726296
calorie,calorie,n13726562
calque,calque,n06301445
camail,camail,n02941845
camaraderie,camaraderie,n04653627
camera,caméra,n04404997
cameraman,caméraman,n09889539
camion,camion,n03235979
camion,camion,n03690473
camouflage,camouflage,n01049266
camouflage,camouflage,n02944459
camouflage,camouflage,n02944579
camouflage,camouflage,n04679074
camouflage,camouflage,v02158896
camp,camp,a02394487
camp,camp,n02944826
camp,camp,n02945161
camp,camp,n02945379
camp,camp,n02945594
camp,camp,n02945813
camp,camp,n05649960
camp,camp,n08478018
camp,camp,v00525805
camp,camp,v01514248
campaign,campagne,n00309906
campaign,campagne,n00798245
campaign,campagne,n00968155
campaign,campagne,n07472929
camping,camping,n01055165
canard,canard,n06758135
cancan,cancan,n00531077
cantaloupe,cantaloup,n07755929
cantaloupe,cantaloup,n12164656
canteen,cantine,n02952374
canteen,cantine,n02952485
canteen,cantine,n02952585
canteen,cantine,n02952674
canteen,cantine,n02952798
caoutchouc,caoutchouc,n15006258
cape,cape,n02955767
cape,cape,n09233715
capillarity,capillarité,n11433806
capitalism,capitalisme,n08364143
capitalist,capitaliste,a00297403
capitalist,capitaliste,a03000110
capitalist,capitaliste,n09609232
capitalist,capitaliste,n09892262
caprice,caprice,n07490579
capricious,capricieux,a00719442
capricious,capricieux,a01842304
capstan,cabestan,n02957252
capsule,capsule,n02957586
capsule,capsule,n02957755
capsule,capsule,n03267468
capsule,capsule,n04264765
capsule,capsule,n05317191
capsule,capsule,n06468123
capsule,capsule,n11685179
capsule,capsule,v00244416
capsule,capsule,v01581070
caracal,caracal,n02127678
caramel,caramel,a00372799
caramel,caramel,n04973957
caramel,caramel,n07595180
caramel,caramel,n07601809
carapace,carapace,n01903756
caraway,carvi,n07816726
caraway,carvi,n12934479
carbine,carabine,n02961451
carbon,carbone,n02961851
carbon,carbone,n14633206
carbon,carbone,n14797813
carbonate,carbonate,n14798450
carcajou,carcajou,n02449183
cardigan,cardigan,n02113186
cardigan,cardigan,n02963159
cardinal,cardinal,a01277097
cardinal,cardinal,a02183611
cardinal,cardinal,n01541386
cardinal,cardinal,n04963449
cardinal,cardinal,n09894143
cardinal,cardinal,n13597585
career,carrière,n00282613
career,carrière,n00583246
career,carrière,v02082181
cargo,cargo,n02964389
caricature,caricature,n06780069
caricature,caricature,v00849592
carmine,carmin,n04963449
carmine,carmin,v00535256
carnivore,carnivore,n01324431
carnivore,carnivore,n02075296
caroline,caroline,a02680723
carpel,carpelle,n11677743
carpet,carpette,n09236766
carpet,carpette,v01234920
carpet,carpette,v01235073
carpet,carpette,v02749520
carrack,caraque,n02968210
carrot,carotte,n01219722
carrot,carotte,n07730207
carrot,carotte,n12937388
carrot,carotte,n12937678
carrousel,carrousel,n02966193
carrousel,carrousel,n02966372
carte blanche,carte blanche,n05197701
carte,carte,n06492939
cartel,cartel,n08236621
cartilage,cartilage,n05288091
cartography,cartographie,n00924579
carton,carton,n02971356
carton,carton,n13766337
cartouche,cartouche,n02971473
casern,caserne,n02976552
cashier,caissier,n09899289
cashier,caissier,n10698970
cashier,caissier,v02422559
cashier,caissier,v02427596
casque,casque,n02978205
casserole,casserole,n02978753
casserole,casserole,n07580359
cassette,cassette,n02978881
cataclysm,cataclysme,n11434016
catacomb,catacombe,n02981024
catafalque,catafalque,n02981198
catalan,catalan,a03053859
catalan,catalan,a03054020
catalan,catalan,n06967529
catalan,catalan,n09900284
catechumen,catéchumène,n09901502
catheter,cathéter,n02984469
catholicism,catholicisme,n06227263
cavalcade,cavalcade,n08427918
caviar,caviar,n07799579
celerity,célérité,n05059132
celery,céleri,n07730406
celery,céleri,n12933403
celesta,célesta,n02990758
cent,cent,n13390626
cent,cent,n13664521
center,centre,a00330506
center,centre,a02031624
center,centre,n00725506
center,centre,n00727500
center,centre,n00728464
center,centre,n02993546
center,centre,n02994219
center,centre,n03965456
center,centre,n05463533
center,centre,n05812038
center,centre,n05921123
center,centre,n07602650
center,centre,n08416523
center,centre,n08481832
center,centre,n08514034
center,centre,n08521816
center,centre,n08523483
center,centre,n09904321
center,centre,n09904556
center,centre,n09904708
center,centre,v01852701
center,centre,v02676496
centime,centime,n13390626
centime,centime,n13665965
centimetre,centimètre,n13658828
cereal,céréale,a02688623
cereal,céréale,n07702796
cereal,céréale,n07802417
cereal,céréale,n12141495
cerebral,cérébral,a01927455
cerebral,cérébral,a02688974
cerise,cerise,a00381097
cerise,cerise,n04964443
ceruse,céruse,n15097722
chaise longue,chaise longue,n03002711
chalet,chalet,n03002816
chamber,chambre,n02821627
chamber,chambre,n03003730
chamber,chambre,n03004146
chamber,chambre,n05392744
chamber,chambre,n08318904
chamber,chambre,v02656062
chamois,chamois,n02419336
chamois,chamois,n14761806
champagne,champagne,n07893642
chancre,chancre,n14184067
chandelier,chandelier,n03005285
chanterelle,chanterelle,n13004423
chapeau,chapeau,n03497657
chaperon,chaperon,n09908273
chaperon,chaperon,v02026712
charcuterie,charcuterie,n03008177
charivari,charivari,n07054122
charlotte,charlotte,n07610890
charter,charter,n06522501
charterhouse,chartreuse,n03010057
chartreuse,chartreuse,n07908923
chauffeur,chauffeur,n09908853
chauffeur,chauffeur,v02058049
chauvinism,chauvinisme,n01156070
chauvinism,chauvinisme,n04878646
cheddar,cheddar,n07852919
cheddar,cheddar,n08878885
chef,chef,n09963574
chemist,chimiste,n09913824
chemist,chimiste,n10421470
chevalier,chevalier,n09902256
chevrotain,chevrotain,n02435853
chewing gum,chewing-gum,n07599998
chic,chic,a00975487
chic,chic,n04813712
chickpea,pois chiche,n07726095
chickpea,pois chiche,n12515711
chickpea,pois chiche,n12515925
chiffonier,chiffonnier,n03016953
chignon,chignon,n05259726
chimera,chimère,n05769314
chimera,chimère,n09493562
chinoiserie,chinoiserie,n03019535
chipolata,chipolata,n07676425
chitin,chitine,n14732722
chloroform,chloroforme,n03022406
chloroform,chloroforme,v00021826
chlorophyll,chlorophylle,n01398212
choreography,chorégraphie,n00528397
choreography,chorégraphie,n06816445
choreography,chorégraphie,n07020763
chou,chou,n07713895
chou,chou,n08479407
chrome,chrome,n14810704
chrome,chrome,v00517128
chrome,chrome,v01395945
chyle,chyle,n05403849
cigarette,cigarette,n03030663
cinema,cinéma,n03032252
cinema,cinéma,n06262567
cirque,cirque,n09245515
cistercian,cistercien,n10726388
citadel,citadelle,n02806088
cite,citer,v00791134
cite,citer,v01015866
cite,citer,v01023071
cite,citer,v01023259
cite,citer,v01023574
cite,citer,v01024190
cite,citer,v01705257
citron,citron,n07750449
citron,citron,n12709349
civet,civette,n02135220
civilisation,civilisation,n04811995
civilisation,civilisation,n08111783
civilisation,civilisation,n08287844
civilisation,civilisation,n13448970
civilization,civilisation,n04811995
civilization,civilisation,n08111783
civilization,civilisation,n08287844
civilization,civilisation,n13448970
civilize,civiliser,v00411312
clairvoyance,clairvoyance,n07256695
clan,clan,n07969695
clandestine,clandestin,a01706465
clarify,clarifier,v00505151
clarify,clarifier,v00939857
class,classe,n00884466
class,classe,n04815177
class,classe,n07974025
class,classe,n07997703
class,classe,n08103777
class,classe,n08238463
class,classe,n08238660
class,classe,n08239808
classic,classique,n03038595
classic,classique,n09926426
classification,classification,n01012712
classification,classification,n01148904
classification,classification,n05732756
classification,classification,n07939638
classify,classifier,v00654625
classify,classifier,v00739662
classify,classifier,v02508803
clementine,clémentine,n07748157
clementine,clémentine,n12710415
clientele,clientèle,n08401554
climate,climat,n14519366
climate,climat,n14524661
clinic,clinique,n03043274
clinic,clinique,n07146300
clinic,clinique,n08054076
clique,clique,n08240633
clown,clown,n09930876
clown,clown,n09931165
clown,clown,v00105778
club,club,n02931417
club,club,n03053788
club,club,n03054311
club,club,n03446070
club,club,n08079613
club,club,n08227214
club,club,v01423929
club,club,v02592111
club,club,v02592250
coalition,coalition,n00382109
coalition,coalition,n08293982
coalition,coalition,n14418662
cochineal,cochenille,n02250280
cochineal,cochenille,n14987025
cockpit,cockpit,n03061505
cocktail,cocktail,n07581775
cocktail,cocktail,n07911677
cocoon,cocon,n02312744
cocoon,cocon,v01581933
cocoon,cocon,v02092680
code,code,n06353934
code,code,n06355894
code,code,n06667317
code,code,v00994076
code,code,v01589723
codeine,codéine,n03062461
cognac,cognac,n07903841
cohabitation,cohabitation,n01054876
cohesion,cohésion,n11436585
cohesion,cohésion,n13449714
cohesion,cohésion,n14420464
coiffeuse,coiffeuse,n09934846
coiffure,coiffure,n05256862
coincide,coïncider,v00345312
coincide,coïncider,v02658734
coincide,coïncider,v02660442
coke,coke,n03066743
coke,coke,n07928696
coke,coke,n14685768
coke,coke,v00498836
col,col,n09249034
colic,colique,n14325732
collaborator,collaborateur,n09935434
collaborator,collaborateur,n09935793
collaborator,collaborateur,n09953483
collage,collage,n03067912
collage,collage,n07954946
cologne,cologne,n03071021
colonnade,colonnade,n02733213
colonnade,colonnade,n03071160
colossal,colossal,a01384730
colza,colza,n11879722
comatose,comateux,a00572202
comatose,comateux,a02844578
combat,combat,n00964343
combat,combat,n01170962
combat,combat,v01092366
comestible,comestible,a00828779
comestible,comestible,n07556637
commandery,commanderie,n00590626
commerce,commerce,n01090446
commerce,commerce,n07137622
commerce,commerce,n08129268
commercial,commercial,a00483146
commercial,commercial,a02346878
commercial,commercial,a03137558
commercial,commercial,n07250034
commissariat,commissariat,n07572353
committee,comité,n08324514
committee,comité,n08325686
commune,commune,n08375369
commune,commune,n08541609
compensable,compensable,a01708663
competence,compétence,n05153520
competition,compétition,n01168569
competition,compétition,n07456188
complex,complexe,a02176178
complex,complexe,n02914991
complex,complexe,n05870365
complex,complexe,n07482521
complex,complexe,n14817592
complicity,complicité,n13991245
compliment,compliment,n06695227
compliment,compliment,v00881661
compliment,compliment,v00881901
compote,compote,n07611046
compute,computer,v00637259
concentrate,concentrer,n05937878
concentrate,concentrer,n07567390
concentrate,concentrer,n14837506
concentrate,concentrer,v00236999
concentrate,concentrer,v00237259
concentrate,concentrer,v00237511
concentrate,concentrer,v00244625
concentrate,concentrer,v00365188
concentrate,concentrer,v00405236
concentrate,concentrer,v00722232
concentrate,concentrer,v02032934
concert,concert,n06892775
concert,concert,v00761600
concert,concert,v01639003
concessionaire,concessionnaire,n09951717
concierge,concierge,n09951953
concision,concision,n07089024
conclave,conclave,n08308410
concordat,concordat,n06772260
concubinage,concubinage,n01055065
condyle,condyle,n05471629
confiture,confiture,n07597145
congolese,congolais,a03056115
congolese,congolais,n09698644
consecutive,consécutif,a00127543
consecutive,consécutif,a00596511
consecutive,consécutif,a01667729
consecutive,consécutif,r00292349
conservatoire,conservatoire,n03092314
console,consoler,n02933340
console,consoler,n03092476
console,consoler,n03092656
console,consoler,n03092883
console,consoler,v01814815
consternation,consternation,n07519773
consulate,consulat,n03093427
consult,consulter,v00876442
consult,consulter,v00876665
consult,consulter,v00877083
consult,consulter,v00877559
consultant,consultant,n09774266
consumerism,consumérisme,n00799409
consumerism,consumérisme,n05995220
container,container,n03094503
contour,contour,n05851517
contour,contour,n06801580
contour,contour,v01689752
contraband,contrebande,a01402580
contraband,contrebande,n03096273
contrast,contraster,n00651813
contrast,contraster,n05126362
contrast,contraster,n05711084
contrast,contraster,n05748786
contrast,contraster,n13855627
contrast,contraster,v00661213
contrast,contraster,v02666882
contretemps,contretemps,n00959645
contusion,contusion,n14288871
convalescent,convalescent,a02543598
conversation,conversation,n07133701
cool,cool,a00530772
cool,cool,a00971660
cool,cool,a01914250
cool,cool,a02529945
cool,cool,a02532200
cool,cool,n04904162
cool,cool,n05016001
cool,cool,v00370126
coprolalia,coprolalie,n14503528
copt,copte,n09681234
copt,copte,n09700706
copy,copie,n03104594
copy,copie,n06390512
copy,copie,n06505517
copy,copie,n06676109
copyright,copyright,n06473168
copyright,copyright,v02239533
cor anglais,cor anglais,n03288742
corgi,corgi,n02112826
coriander,coriandre,n07817315
coriander,coriandre,n07817465
coriander,coriandre,n12936469
correct,correct,a00631391
correct,correct,a00633410
correct,correct,a01879261
correct,correct,a01879464
correct,correct,v00199659
corridor,corridor,n03112099
corruption,corruption,n00159396
corruption,corruption,n00272448
corruption,corruption,n04850996
corruption,corruption,n04853948
corruption,corruption,n13453640
corruption,corruption,n14561102
cortege,cortège,n08429167
corvee,corvée,n00621326
corvette,corvette,n03113035
cosmetic,cosmétique,a00070111
cosmetic,cosmétique,a01091234
cosmetic,cosmétique,n03113152
costume,costume,n03113657
costume,costume,n03113835
costume,costume,n03114041
costume,costume,n03114236
costume,costume,v00051761
costume,costume,v02337545
costumier,costumier,n09968259
coterie,coterie,n08240633
couchette,couchette,n03116008
cougar,cougar,n02125311
coulomb,coulomb,n13636648
coup de main,coup de main,n01246541
coup,coup,n00065336
coup,coup,n01145015
coupon,coupon,n05822001
coupon,coupon,n06518068
courgette,courgette,n07716358
courgette,courgette,n12159804
courtesan,courtisane,n10370603
couscous,couscous,n07701597
couscous,couscous,n07937461
couture,couture,n00618642
couvade,couvade,n00413904
couverture,couverture,n07603930
cover girl,covergirl,n09972458
cowboy,cow-boy,n09972661
cowboy,cow-boy,n09972946
cowboy,cow-boy,n09973072
coy,coi,a00252310
coy,coi,a00701894
coy,coi,a01538118
crash,crash,n07478874
crawl,crawl,n00570366
crawl,crawl,v01961974
creation,création,n00240184
creation,création,n00908492
creation,création,n03129123
creation,création,n07328942
creation,création,n09466280
credibility,crédibilité,n04782878
crepe,crêpe,n07641138
cretin,crétin,n10197525
crevasse,crevasse,n09259677
crinoline,crinoline,n03132666
crinoline,crinoline,n03132776
crinoline,crinoline,n03534580
critique,critique,n05734018
critique,critique,n06410391
critique,critique,v00855512
crochet,crochet,n03132879
croissant,croissant,n07691650
croquette,croquette,n07866015
cross country,cross-country,n07460793
crosse,crosse,n03136657
croupier,croupier,n09980985
crouton,croûton,n07682197
crusade,croisade,n00968715
crusade,croisade,v01093944
crusade,croisade,v02589576
cubeb,cubèbe,n13150178
cubism,cubisme,n08466175
cuirassier,cuirassier,n09982277
cuisine,cuisine,n07571324
culinary,culinaire,a02707659
culotte,culotte,n03146777
cult,culte,n05751173
cult,culte,n08151490
cuneiform,cunéiforme,a03144955
cupidity,cupidité,n04945758
curettage,curettage,n00669481
curette,curette,n03149810
curie,curie,n13645599
curler,curleur,n03150232
curling,curling,a01030289
curling,curling,n00461611
curry,curry,n07823951
curry,curry,v00045639
curry,curry,v00516294
curry,curry,v02192225
cursor,curseur,n03150795
cutlet,côtelette,n07654886
cyclostome,cyclostome,n01477080
cystocele,cystocèle,n14296966
dadaism,dadaïsme,n08466412
danse macabre,danse macabre,n00542149
date,date,n07765073
date,date,n09992538
date,date,n15120223
date,date,n15159583
date,date,n15159819
date,date,n15179888
date,date,v00619183
date,date,v00734927
date,date,v00735389
date,datte,n07765073
date,datte,n08385009
date,datte,n09992538
date,datte,n15120223
date,datte,n15159819
date,datte,n15179888
date,datte,v00619183
date,datte,v00734927
date,datte,v00735389
dauphin,dauphin,n09993122
de rigueur,de rigueur,a00848679
debacle,débâcle,n07365432
debacle,débâcle,n07476623
debacle,débâcle,n11454953
debark,débarquer,v01979241
debridement,débridement,n00669932
debris,débris,n14857897
debug,déboguer,v00200242
debut,début,n00238022
debutante,débutante,n09997834
decadence,décadence,n14440875
decalcomania,décalcomanie,n00935453
decalcomania,décalcomanie,n03167464
decameter,décamètre,n13659419
decametre,décamètre,n13659419
decant,décanter,v02070296
decantation,décantation,n00935608
decapitate,décapiter,v01571354
decapitation,décapitation,n00228181
decapitation,décapitation,n01165224
decilitre,décilitre,n13624026
declamation,déclamation,n07242324
declamation,déclamation,n07242470
declare,déclarer,v00820801
declare,déclarer,v00822367
declare,déclarer,v00965871
declare,déclarer,v00977689
declare,déclarer,v01010118
declare,déclarer,v01010852
declare,déclarer,v02300549
declare,déclarer,v02444555
defeatism,défaitisme,n07542560
defeatist,défaitiste,n09999795
defence,défense,n00823750
defence,défense,n00954311
defence,défense,n01198750
defence,défense,n03171356
defence,défense,n06740644
defence,défense,n07200813
defence,défense,n08064130
defence,défense,n08064523
defence,défense,n08081403
defence,défense,n13459322
defense,défense,n00823750
defense,défense,n00954311
defense,défense,n01198750
defense,défense,n03171356
defense,défense,n06740644
defense,défense,n07200813
defense,défense,n08064130
defense,défense,n08064523
defense,défense,n08081403
defense,défense,n08131530
defense,défense,n13459322
deficit,déficit,n05114371
deficit,déficit,n14449960
deforestation,déforestation,n01262441
deforestation,déforestation,n14519097
defrock,défroquer,v02476731
degustation,dégustation,n00841901
deification,déification,n01029114
deification,déification,n10418577
deification,déification,n14575063
deify,déifier,v00545140
deify,déifier,v00693401
deism,déisme,n06223922
deist,déiste,a02931554
delimit,délimiter,v02611630
delimitate,délimiter,v02611630
demagogic,démagogique,a03060782
demijohn,dame-jeanne,n03174450
demimondaine,demi-mondaine,n10001882
demimonde,demi-monde,n08244895
democrat,démocrate,n10002031
democrat,démocrate,n10002151
democratize,démocratiser,v02533748
democratize,démocratiser,v02533907
demoiselle,demoiselle,n02606384
demoiselle,demoiselle,n09989168
dentist,dentiste,n10004282
department,département,n08114861
department,département,n08548733
departmental,départemental,a03059966
dependant,dépendant,a00047406
dependant,dépendant,a00556174
dependant,dépendant,n10004804
deport,déporter,v02499312
deport,déporter,v02503365
deport,déporter,v02518161
depot,dépôt,n04329190
depot,dépôt,n04412901
deputy,député,n10005280
deputy,député,n10005548
deputy,député,n10005721
deputy,député,n10005934
deracinate,déraciner,v02538553
derby,derby,n02881757
derriere,derrière,n05559256
desert,désert,a01243102
desert,désert,n08505573
desert,désert,v00614057
desert,désert,v02584097
desert,déserter,a01243102
desert,déserter,n08505573
desert,déserter,v02584097
designer,designer,n09972157
designer,designer,n10007809
dessert,dessert,n07609840
destroyer,destroyer,n03180504
destroyer,destroyer,n10008716
detail,détail,n05817845
detail,détail,n07137807
detail,détail,n08243081
detail,détail,n08404549
detail,détail,n13809920
detail,détail,v00678105
detail,détail,v00956250
detergent,détergent,a02118181
detergent,détergent,n03181899
detergent,détergent,n15097017
deterioration,détérioration,n13464204
deterioration,détérioration,n14561618
determinant,déterminant,a00684782
determinant,déterminant,n05692419
determinant,déterminant,n08269396
detonation,détonation,n00377686
detonation,détonation,n07308563
deuce,deux,n13743269
develop,développer,v00094460
develop,développer,v00171852
develop,développer,v00234057
develop,développer,v00252019
develop,développer,v00253761
develop,développer,v00339464
develop,développer,v00342980
develop,développer,v00402130
develop,développer,v00411020
develop,développer,v00543410
develop,développer,v00545557
develop,développer,v00925873
develop,développer,v01074509
develop,développer,v01074701
develop,développer,v01469623
develop,développer,v01627947
develop,développer,v01738597
develop,développer,v01738774
develop,développer,v02138766
develop,développer,v02624263
development,développement,n00250259
development,développement,n07423560
development,développement,n08549070
development,développement,n13464557
development,développement,n13464820
development,développement,n13489037
deviance,déviance,n00737399
deviance,déviance,n14503665
diagram,diagramme,n03186399
diagram,diagramme,v01693453
diatonic,diatonique,a00409889
diatonic,diatonique,a02437534
diatribe,diatribe,n07233304
digitigrade,digitigrade,a00751170
diorama,diorama,n03884072
diphthong,diphtongue,n07112364
diplomacy,diplomatie,n04842029
diplomacy,diplomatie,n04890865
diplomacy,diplomatie,n07148573
diplomat,diplomate,n10013927
diplomat,diplomate,n10014658
directive,directive,n07170080
disastrous,désastreux,a01050088
disc,disque,n03208556
disc,disque,n03706653
disc,disque,n03924069
disc,disque,n13875185
discotheque,discothèque,n03206282
discussion,discussion,n07138085
discussion,discussion,n07140659
disinfectant,désinfectant,a02116054
disinfectant,désinfectant,n03208229
disorganise,désorganiser,v02436140
disorganize,désorganiser,v02436140
disperse,disperser,v00968211
disperse,disperser,v01376245
disperse,disperser,v01616608
disperse,disperser,v02028994
disperse,disperser,v02030424
displacement,déplacement,n00197610
displacement,déplacement,n00209446
displacement,déplacement,n00315830
displacement,déplacement,n00330984
displacement,déplacement,n07444668
displacement,déplacement,n13467009
displacement,déplacement,n13467224
disquisition,disquisition,n06410070
distance,distancer,v02683127
distrait,distrait,a00165458
district,district,n08552138
disyllabic,dissyllabique,a02288904
divan,divan,n03214966
divan,divan,n03215076
divan,divan,n06592576
divan,divan,n08311848
divorcee,divorcée,n10020366
doctrinal,doctrinal,a03006225
dogmatic,dogmatique,a00288070
dogmatic,dogmatique,a03061982
dolmen,dolmen,n03220237
dolomite,dolomite,n14673747
dolomite,dolomite,n14838055
dome,dôme,n03220513
dome,dôme,n03220692
dome,dôme,n05539454
dome,dôme,n13872072
dominique,dominique,n01793565
dormition,dormition,n15194194
dose,dose,n02675657
dose,dose,n03225238
dose,dose,n13772106
dose,dose,v00084738
dose,dose,v00516584
dossier,dossier,n06503551
doyen,doyen,n09997068
doyenne,doyenne,n10028541
dozen,douzaine,n13746785
dragoon,dragon,n10029831
dragoon,dragon,v02424533
dragoon,dragon,v02506181
drain,drainer,n01062255
drain,drainer,n03231912
drain,drainer,n03232158
drain,drainer,v00389638
drain,drainer,v00451648
drain,drainer,v01158022
drain,drainer,v02071457
drainage,drainage,n00396029
dramaturgy,dramaturgie,n07006119
dressage,dressage,n00288000
dribble,dribble,n00478647
dribbler,dribbleur,n10033663
dribbler,dribbleur,n10033888
driver,driver,n06574473
drugget,droguet,n03248835
druid,druide,n10036444
dugong,dugong,n02074367
dune,dune,n09270735
duo,duo,n07041451
duo,duo,n07985628
duo,duo,n08247021
duo,duo,n13743605
durian,durian,n07762913
durian,durian,n12190869
dynamic,dynamique,a00041618
dynamic,dynamique,a00808191
dynamic,dynamique,a02979878
dynamic,dynamique,n09179962
dyne,dyne,n13647498
dysphemism,dysphémisme,n06605396
eau de toilette,eau de toilette,n04448070
echinoderm,échinoderme,n02316707
eclair,éclair,n07628691
eclectic,éclectique,a00775486
eclectic,éclectique,n10043024
ecologist,écologiste,n10043163
econometrics,économétrie,n06150449
edition,édition,n05840650
edition,édition,n06590446
edition,édition,n06597204
edition,édition,n07959393
effacement,effacement,n00054328
effective,effectif,a00044132
effective,effectif,a00510644
effective,effectif,a00834198
effective,effectif,a00839225
effigy,effigie,n03265874
effleurage,effleurage,n00659667
efflorescence,efflorescence,n11410527
electricity,électricité,n07514600
electricity,électricité,n11449907
electricity,électricité,n11450566
electrode,électrode,n03274796
ellipse,ellipse,n13878306
embarrass,embarrasser,v01792097
embarrass,embarrasser,v02557199
emblematic,emblématique,a01982186
emblematic,emblématique,a02469119
embonpoint,embonpoint,n05000913
embouchure,embouchure,n03794798
embrasure,embrasure,n03984908
emergence,émergence,n00044455
emergence,émergence,n00050693
emergence,émergence,n07319909
emergence,émergence,n07324673
emery,émeri,n14674143
emigre,émigré,n10051975
emissary,émissaire,n10052694
emollient,émollient,a01153844
emollient,émollient,n03128519
emotion,émotion,n07480068
empennage,empennage,n04384016
emplacement,emplacement,n01051331
employee,employé,n10053808
employer,employeur,n10054657
emulsion,émulsion,n03284482
emulsion,émulsion,n14674584
en garde,en garde,a01630939
en masse,en masse,r00157304
en passant,en passant,r00166375
en route,en route,r00171322
en,en,n13712592
enceinte,enceinte,a00173391
enchant,enchanter,v00776988
enchant,enchanter,v01806505
enchant,enchanter,v01817314
enclave,enclave,n08553132
endorphin,endorphine,n14809057
enfant terrible,enfant terrible,n10057595
enjambment,enjambement,n07085210
ennui,ennui,n07539790
ensemble,ensemble,n07955280
ensemble,ensemble,n08188235
ensemble,ensemble,n08189089
ensile,ensiler,v02283197
entomology,entomologie,n06072275
entourage,entourage,n08429167
entrepreneur,entrepreneur,n10060352
envelopment,enveloppement,n00321956
envisage,envisager,v01636397
envoi,envoi,n06384371
epaulette,épaulette,n03292210
epee,épée,n03292475
epidemic,épidémique,a01426375
epileptic,épileptique,a02945660
epileptic,épileptique,n10062176
epilogue,épilogue,n06398760
epilogue,épilogue,n06398963
episode,épisode,n04173172
episode,épisode,n06396330
episode,épisode,n06621771
episode,épisode,n07289956
epistolary,épistolaire,a01046553
equip,équiper,v00513177
equip,équiper,v02339413
equitable,équitable,a00958151
equitation,équitation,n00450335
erethism,éréthisme,n14093723
erg,erg,n13725726
erotic,érotique,a02132080
escapade,escapade,n00429322
escapade,escapade,n00796315
escargot,escargot,n07782475
escort,escorte,n00827782
escort,escorte,n09863031
espadrille,espadrille,n03297103
espalier,espalier,n03297226
espionage,espionnage,n00654563
esprit de corps,esprit de corps,n04625129
esprit,esprit,n04633716
estragon,estragon,n07821610
estragon,estragon,n11930203
ethnic,ethnique,a01784401
ethnic,ethnique,a02248693
etude,étude,n07043518
eucalyptus,eucalyptus,n12334891
eucalyptus,eucalyptus,n12335351
european,européen,a02968325
european,européen,n09686536
exactitude,exactitude,n04803430
exaltation,exaltation,n01029114
exaltation,exaltation,n07991994
exaltation,exaltation,n08685019
exhale,exhaler,v00004605
exocet,exocet,n03304197
exothermic,exothermique,a00872906
expatriate,expatrier,n10071332
expatriate,expatrier,v00416399
expatriate,expatrier,v02499312
expertise,expertise,n05640729
exploitation,exploitation,n00418903
exploitation,exploitation,n00948206
extern,externe,n10074578
extinction,extinction,n00229934
extinction,extinction,n05758692
extinction,extinction,n07332691
extinction,extinction,n13478342
extinction,extinction,n13963032
extinction,extinction,n14012173
facade,façade,n03313333
facade,façade,n06758698
facet,facette,n05850624
facet,facette,n13913164
facetious,facétieux,a01264913
faience,faïence,n03317788
fait accompli,fait accompli,n00047941
falsify,falsifier,v00201407
falsify,falsifier,v00202236
falsify,falsifier,v00667942
falsify,falsifier,v00835903
falsify,falsifier,v02576921
familial,familial,a02940759
famine,famine,n07315790
famine,famine,n14449865
fan,fan,n10639925
fanfare,fanfare,n06856884
fanfare,fanfare,n06889330
faq,faq,n06491026
farandole,farandole,n00532896
fatigue,fatiguer,v00075021
fatigue,fatiguer,v00076114
faubourg,faubourg,n08555102
fauvism,fauvisme,n08467871
fauvist,fauviste,n10082423
faux pas,faux pas,n00076196
faux,faux,a01573238
federal,fédéral,a01106129
federation,fédération,n01153305
federation,fédération,n08303275
federation,fédération,n08303504
femme fatale,femme fatale,n10055410
fer-de-lance,fer de lance,n01758141
ferry,ferry,n01106587
ferry,ferry,n03329663
ferry,ferry,v01949218
ferry,ferry,v01949435
ferry,ferry,v01949674
festive,festif,a01367431
festoon,feston,n03330274
festoon,feston,n03330441
festoon,feston,n03330665
festoon,feston,v01680267
fete,fête,n07449862
fetish,fétiche,n01207342
fetish,fétiche,n08152507
fiber,fibre,n03331244
fiber,fibre,n14866889
fibre,fibre,n03331244
fibre,fibre,n14866889
fichu,fichu,n03332173
figurine,figurine,n03336459
filibuster,flibustier,n01068012
filibuster,flibustier,n10087868
filibuster,flibustier,v02466496
film,film,n03338648
film,film,n03339296
film,film,n06262567
film,film,n06613686
film,film,v01711965
filtration,filtration,n00191980
filtration,filtration,n13480667
financier,financier,n10090020
financier,financier,v02416955
firm,firme,n08059870
fitness,fitness,n14546432
flageolet,flageolet,n03355468
flageolet,flageolet,n07727741
flambeau,flambeau,n03356446
flamboyant,flamboyant,n12494794
flan,flan,n07611267
flannel,flanelle,n03356982
flannel,flanelle,n03357081
flannel,flanelle,n04554523
flash,flash,n03358172
flash,flash,n03358380
flash,flash,n04953186
flash,flash,n05808442
flash,flash,n06682494
flash,flash,n06874930
flash,flash,n07287088
flash,flash,n07412092
flash,flash,v00424691
flash,flash,v00424869
flash,flash,v00929509
flash,flash,v01335461
flash,flash,v02061495
flash,flash,v02138611
flash,flash,v02141973
flash,flash,v02159890
fleur-de-lis,fleur de lys,n03362890
flirt,flirt,n00512522
flirt,flirter,n00512522
flirt,flirter,n09965134
flirt,flirter,v01037910
floc,floc,n14585960
floral,floral,a01788705
floral,floral,a02847619
floral,floral,a02847786
flutist,flûtiste,n10098245
foie gras,foie gras,n07858197
folklore,folklore,n05985602
fondue,fondue,n07867421
fondue,fondue,n07867883
fontanelle,fontanelle,n05545212
football,football,n00468480
football,football,n03378765
format,format,n04677385
format,format,n06636806
formation,formation,n00237078
formation,formation,n00925207
formation,formation,n00927516
formation,formation,n03385117
formation,formation,n08426461
formation,formation,n09287968
formation,formation,n13483488
forum,forum,n03386420
forum,forum,n08309754
fossil,fossile,a02730982
fossil,fossile,n09284589
fossil,fossile,n10022908
foulard,foulard,n03386726
foundry,fonderie,n03387653
fractal,fractal,n05931152
fragrance,fragrance,n04980463
framboise,framboise,n12656369
franc,franc,n13662190
francium,francium,n14637864
frangipane,frangipane,n07623475
frank,franc,a00764484
frank,franc,a01619379
frank,franc,n07676602
frank,franc,n09688804
frank,franc,v00894080
frank,franc,v01274104
frigate,frégate,n03397266
frigate,frégate,n03397412
frimaire,frimaire,n15176319
frippery,friperie,n02774502
frisbee,frisbee,n03397947
frisson,frisson,n07520112
fructidor,fructidor,n15177705
fruiterer,fruitier,n10113997
fugue,fugue,n07043675
fugue,fugue,n14030291
fugue,fugue,n14394479
funk,funk,n14404610
furtive,furtif,a02088974
fuse,fusée,n03407122
fusee,fusée,n03407122
fuselage,fuselage,n03408054
fusilier,fusilier,n10116579
gadget,gadget,n02729965
gaffe,gaffe,n00076196
gaiety,gaieté,n07529245
gaiter,guêtre,n03410938
gaiter,guêtre,n03411079
gaiter,guêtre,n04269822
gala,gala,n00518669
gallicism,gallicisme,n07081646
galois theory,théorie de galois,n06017334
gang,gang,n03415363
gang,gang,n08242799
gang,gang,n08244062
gang,gang,n08273843
gang,gang,v01089737
garage,garage,n03416489
garage,garage,n03416640
garage,garage,v02282946
gastronome,gastronome,n10061656
gastronomy,gastronomie,n00936296
gastronomy,gastronomie,n07572206
gateau,gâteau,n07631834
gauche,gauche,a00851329
gaul,gaule,n09688487
gaul,gaule,n09708648
gauze,gaze,n03429914
gauze,gaze,n03430091
gavage,gavage,n01058291
gazelle,gazelle,n02423022
gean,guigne,n12642600
gel,gélatine,n03432668
gelatin,gélatine,n03432668
gelatin,gélatine,n07643981
gelatin,gélatine,n14730553
gelatine,gélatine,n14730553
gendarme,gendarme,n10123122
gendarmerie,gendarmerie,n08210254
genealogical,généalogique,a03067329
genie,génie,n09544433
genre,genre,n03434943
genre,genre,n05845332
genre,genre,n07092158
gentile,gentil,n09679028
geode,géode,n09287817
geodesy,géodésie,n06120881
gerbil,gerbille,n02343772
gerbille,gerbille,n02343772
germander,germandrée,n12869478
germinal,germinal,n15176937
gibbon,gibbon,n02483362
gigolo,gigolo,n10129464
gigot,gigot,n07668588
gigue,gigue,n07055805
gin,gin,n00496877
gin,gin,n03115525
gin,gin,n04248851
gin,gin,n07904395
gin,gin,v01481027
gin,gin,v01557517
glacial,glacial,a01252151
glacial,glacial,a01258264
glacial,glacial,a02736015
glacier,glacier,n09289331
globule,globule,n09289709
gluten,gluten,n07570237
glycerin,glycérine,n14885684
glycogen,glycogène,n14795749
glyph,glyphe,n03442164
gnome,gnome,n07153385
gnome,gnome,n09541125
gnomic,gnomique,a02849475
gnomon,gnomon,n03442597
goitre,goitre,n14199477
googol,gogol,n13598408
gourmand,gourmand,n10132988
gourmet,gourmet,n10061656
gradation,gradation,n01003729
gradation,gradation,n07112282
grade,grade,n05068716
grade,grade,n05132045
grade,grade,n14428160
gram,gramme,n13723712
grand mal,grand mal,n14083368
grand prix,grand prix,n07459066
grandiose,grandiose,a01285713
grandiose,grandiose,a01850288
gratitude,gratitude,n07504343
grave,grave,a00651039
grave,grave,a01278423
grave,grave,a02119213
grebe,grèbe,n02050004
grenade,grenade,n03458271
grenadine,grenadine,n07860331
grill,gril,n03459914
grimace,grimace,n06877578
grimace,grimace,v00034288
grimoire,grimoire,n06422032
griot,griot,n10147352
grippe,grippe,n14122497
grisaille,grisaille,n03460526
group,groupe,n00031264
group,groupe,n06016853
group,groupe,n14621446
group,groupe,v00656576
group,groupe,v01089878
gruyere,gruyère,n07855105
gueridon,guéridon,n03465426
guilloche,guilloche,n03466947
guillotine,guillotine,n03467068
guillotine,guillotine,n06667027
guillotine,guillotine,v01571538
guinea,guinée,n09716439
gulf,golfe,n04753060
gulf,golfe,n09296053
gulf,golfe,n09296121
gymnosophist,gymnosophiste,n10153724
gynecology,gynécologie,n06050901
gyroscope,gyroscope,n03473227
hadal,hadal,a02974393
ha-ha,haha,n04356423
ha-ha,haha,n07127911
hall,hall,n02715513
halloween,halloween,n15191233
hamburger,hamburger,n07664007
hamburger,hamburger,n07697100
handicap,handicap,n14548343
hangar,hangar,n02687821
harangue,harangue,n07242912
harlequinade,arlequinade,n00513401
harmonium,harmonium,n03494537
hautbois,hautbois,n03838899
haute couture,haute couture,n05751063
hauteur,hauteur,n04887912
haversack,havresac,n02769748
hectare,hectare,n13613985
helicopter,hélicoptère,n03512147
hellenism,hellénisme,n05956489
heritage,héritage,n00083585
heritage,héritage,n04921011
heritage,héritage,n05669797
heritage,héritage,n13262913
heroism,héroïsme,n04857738
herpetology,herpétologie,n06072776
hip-hop,hip hop,n07064055
hippodrome,hippodrome,n03522003
historian,historien,n10177150
hobby,hobby,n00432689
hobby,hobby,n01612476
hobby,hobby,n03523633
hockey,hockey,n00463543
hockey,hockey,n00467995
holocaust,holocauste,n01245318
horizontal,horizontal,a01232635
horizontal,horizontal,n13828681
hors de combat,hors de combat,null
hospitality,hospitalité,n06631506
hot dog,hot-dog,n07676602
hot dog,hot-dog,n07697537
hot dog,hot-dog,n10187710
hotel,hôtel,n03542333
hotelier,hôtelier,n10187990
huguenot,huguenot,n10191089
humid,humide,a02549393
hussar,hussard,n10194341
hut,hutte,n03547054
hut,hutte,n03550153
hydrate,hydrate,n14910440
hydrate,hydrate,v00214020
hydrate,hydrate,v00214268
hydrate,hydrate,v00214407
hydraulic,hydraulique,a03073751
hydraulic,hydraulique,a03073888
hydrogen,hydrogène,n14640434
hygiene,hygiène,n06051380
hygiene,hygiène,n14495080
hygienic,hygiénique,a02113191
hygrometer,hygromètre,n03554460
hymen,hymen,n05521934
hypertrophy,hypertrophie,n14366759
hypertrophy,hypertrophie,v00094153
iamb,iambe,n07095280
iceberg,iceberg,n07724269
iceberg,iceberg,n09308572
iconoclast,iconoclaste,n10196845
ideal,idéal,a00012689
ideal,idéal,a01751201
ideal,idéal,a02745284
ideal,idéal,n05923696
ideal,idéal,n10325243
idealise,idéaliser,v00624967
idealise,idéaliser,v00692907
idealist,idéaliste,n10196965
identify,identifier,v00618451
identify,identifier,v00618878
identify,identifier,v00652346
identify,identifier,v00691944
identify,identifier,v00714531
identify,identifier,v01026095
ideologue,idéologue,n10197392
ideology,idéologie,n05779568
ideology,idéologie,n06212839
ides,ides,n15173974
idiocy,idiotie,n05646926
idiolect,idiolecte,n07156693
ignominy,ignominie,n14440137
illegal,illégal,a01401854
illegality,illégalité,n04810327
illicit,illicite,a01403760
illinois,illinois,n06910134
illinois,illinois,n09657615
immanence,immanence,n13957974
impasse,impasse,n02851540
impasse,impasse,n14015361
impermeability,imperméabilité,n04941942
impermeable,imperméable,a01772609
impersonal,impersonnel,a01615625
impersonal,impersonnel,a01769565
implantation,implantation,n00677808
implantation,implantation,n01052618
implantation,implantation,n13496286
implement,implémenter,v00486018
implement,implémenter,v02408965
implement,implémenter,v02560164
implore,implorer,v00759269
impossible,impossible,a01823092
impossible,impossible,a02418692
impossible,impossible,a02436025
impossible,impossible,n05792446
impressionist,impressionniste,a02747466
impressionist,impressionniste,n10201956
impromptu,impromptu,a01845451
impromptu,impromptu,n07239788
impromptu,impromptu,n07239927
impromptu,impromptu,r00088655
improvisation,improvisation,n00099588
improvisation,improvisation,n00178832
improvisation,improvisation,n03565402
impute,imputer,v00726300
impute,imputer,v00726784
inaction,inaction,n14010148
inactive,inactif,a00033574
inactive,inactif,a00035074
inactive,inactif,a00036481
inactive,inactif,a00037757
inactive,inactif,a00039592
inactive,inactif,a00040685
inactive,inactif,a00043125
inactive,inactif,a01660857
inactive,inactif,a01929802
inalienable,inaliénable,a00093810
inalienable,inaliénable,a00694483
inapplicability,inapplicabilité,n13796053
incitation,incitation,n01261490
incitation,incitation,n09184975
incompatible,incompatible,a00508192
incompatible,incompatible,a00509206
incompatible,incompatible,a00509896
incompatible,incompatible,a00561036
incompatible,incompatible,a00562909
incompatible,incompatible,a00578523
incompatible,incompatible,a00623565
incompatible,incompatible,a01487352
incompatible,incompatible,a02382572
incompetent,incompétent,a00052246
incompetent,incompétent,a00512261
incompetent,incompétent,a01128103
incompetent,incompétent,a02229324
incompetent,incompétent,n10202363
indecision,indécision,n04866866
indecision,indécision,n05699172
independent,indépendant,a00727564
independent,indépendant,a00730215
independent,indépendant,a00731606
independent,indépendant,a01062393
independent,indépendant,n10110421
independent,indépendant,n10337488
industrial,industriel,a01188648
industrial,industriel,a01301624
industrial,industriel,a02556901
industrial,industriel,a02748635
industrialize,industrialiser,v00500356
industry,industrie,n00923444
industry,industrie,n04865114
industry,industrie,n08065234
inestimable,inestimable,a00302436
inexperience,inexpérience,n05988956
infrastructure,infrastructure,n03569964
infrastructure,infrastructure,n03570372
ingot,lingot,n03570526
initiative,initiative,n00239230
initiative,initiative,n04836074
injection,injection,n00322634
injection,injection,n00697365
injection,injection,n14849215
injustice,injustice,n00744616
injustice,injustice,n04854389
insane,insane,a02572038
insecticide,insecticide,n14919948
insipid,insipide,a02399595
insolation,insolation,n14204586
insouciant,insouciant,a00545746
institute,institut,n08407330
institute,institut,v01618547
integration,intégration,n00871418
integration,intégration,n01202415
integration,intégration,n01237415
intensity,intensité,n04975340
intensity,intensité,n04990220
intensity,intensité,n05036394
intensity,intensité,n05099796
inter,enterrer,v02456493
intern,interne,n10211203
internet,internet,n03580615
intimidation,intimidation,n01222477
intimidation,intimidation,n07254057
intimidation,intimidation,n07523760
intimidation,intimidation,n07542881
intolerance,intolérance,n04642746
intolerance,intolérance,n06205154
intonation,intonation,n00544842
intonation,intonation,n01254685
intonation,intonation,n01254978
intonation,intonation,n07084166
intransigent,intransigeant,a01024812
intrepid,intrépide,a00250119
intrigue,intrigue,n05908520
intrigue,intrigue,n13931356
intrigue,intrigue,v00707956
intrigue,intrigue,v02678839
introit,introït,n07040413
inventory,inventaire,n01011425
inventory,inventaire,n04321534
inventory,inventaire,n06492664
invest,investir,v02271137
invest,investir,v02384275
invest,investir,v02386388
invest,investir,v02386675
invest,investir,v02474239
iodine,iode,n04439305
iodine,iode,n14641397
ion,ion,n09315159
irascible,irascible,a00114921
irascible,irascible,a01135914
iroquois,iroquois,n06916803
iroquois,iroquois,n09657887
irreligion,irréligion,n04828612
irreproachable,irréprochable,a01320705
isotherm,isotherme,n08590172
jabot,jabot,n03588841
jacobin,jacobin,n10218802
jacuzzi,jacuzzi,null
janissary,janissaire,n10219380
janissary,janissaire,n10219453
jargoon,jargon,n14924915
jasmine,jasmin,n12306717
jazz,jazz,n07060976
jazz,jazz,n07062697
jazz,jazz,n07136711
jazz,jazz,v01725734
je ne sais quoi,je ne sais quoi,n03595179
jean,jean,n03175189
jean,jean,n03594734
jeep,jeep,n03594945
jeremiad,jérémiade,n07211374
jet,jet,n03387926
jet,jet,n07436100
jet,jet,n14925378
job,job,n00582388
job,job,n06572482
job,job,n10222949
jogging,jogging,n00628390
joie de vivre,joie de vivre,n07491895
joint,joint,n03600806
joint,joint,n03600977
joint,joint,n13911151
jonquil,jonquille,n12421917
jonquil,jonquille,n12422129
journalism,journalisme,n00611674
journalism,journalisme,n06266417
jovial,jovial,a01367651
jujube,jujube,n07765999
jungle,jungle,n08478171
jungle,jungle,n08509111
jury,jury,n08414119
jury,jury,n08414807
juxtapose,juxtaposer,v01501960
kaolin,kaolin,n14670639
keepsake,keepsake,n03610270
kepi,képi,n03610682
ketchup,ketchup,n07822197
kidnap,kidnapper,v01471043
kidnapping,kidnapping,n00775702
kilogram,kilogramme,n13724582
kilometre,kilomètre,n13659760
kiosk,kiosque,n02873839
kirsch,kirsch,n07904072
klaxon,klaxon,n03622058
la,la,n06868986
la,la,n14643118
label,label,n06851516
lactose,lactose,n14929462
lagoon,lagune,n09328746
lagune,lagune,n09328746
laissez-faire,laissez-faire,a00297897
lake,laque,n09328904
lakh,lakh,n13751404
lamasery,lamaserie,n03635032
langouste,langouste,n01984695
langouste,langouste,n07793260
langoustine,langoustine,n07793521
lapin,lapin,n14765324
largess,largesse,n04832716
largess,largesse,n13265749
laser,laser,n03643253
lassitude,lassitude,n05042138
lassitude,lassitude,n07484109
lassitude,lassitude,n14014990
latitude,latitude,n05127640
latitude,latitude,n08595531
latitude,latitude,n08595720
latitude,latitude,n13995148
lazaret,lazaret,n03650803
le,le,n14221138
leader,leader,n09623038
leadership,leadership,n01256417
leadership,leadership,n05617310
leadership,leadership,n14433361
lecithin,lécithine,n14680040
legionnaire,légionnaire,n10253703
legume,légume,n07708798
legume,légume,n11747468
legume,légume,n11748002
lettre de cachet,lettre de cachet,n06548110
levant,levant,n14763218
lever,levier,n03659292
lever,levier,n03659686
lever,levier,n03659809
lever,levier,v01593254
levitation,lévitation,n00324699
levitation,lévitation,n07363067
levitation,lévitation,n11408733
lexicographer,lexicographe,n10256080
liaison,liaison,n06261260
liaison,liaison,n13931889
liana,liane,n13120211
liberalism,libéralisme,n05995576
liberalism,libéralisme,n06218623
liberation,libération,n00095502
liberation,libération,n00787832
libertarianism,libertarianisme,n06219185
limousine,limousine,n03670208
lingerie,lingerie,n03673450
lipase,lipase,n14938687
lipid,lipide,n14938907
liqueur,liqueur,n07907943
literary,littéraire,a01045518
literary,littéraire,a01421368
literary,littéraire,a02830501
litre,litre,n13624190
litter,litière,n02820432
lobe,lobe,n03680734
lobe,lobe,n05493303
lobe,lobe,n07005523
lobe,lobe,n13161506
locomotion,locomotion,n00283127
locomotion,locomotion,n04773596
locomotive,locomotive,a02994448
locomotive,locomotive,n03684823
logistic,logistique,a02986218
logistics,logistique,n01060745
loir,loir,n02352932
lorgnette,lorgnette,n03690168
loupe,loupe,n03692522
lucerne,luzerne,n12549420
lucrative,lucratif,a01871774
luthier,luthier,n10277509
luxe,luxe,a00850053
lymph,lymphe,n05404074
macabre,macabre,a00195684
macaque,macaque,n02487347
machination,machination,n05908520
machinery,machinerie,n03701640
machinery,machinerie,n08434029
machinist,machiniste,n10279018
macro,macro,a01388928
macro,macro,n06586886
madame,madame,n10279778
mademoiselle,mademoiselle,n02595339
magazine,magazine,n02973017
magazine,magazine,n03704038
magazine,magazine,n03704210
magazine,magazine,n03704376
magazine,magazine,n06595351
magazine,magazine,n08063303
majuscule,majuscule,a01467919
majuscule,majuscule,n06824227
malacology,malacologie,n06073067
maladroit,maladroit,a00063277
malay,malais,a03083069
malay,malais,n06938887
malay,malais,n09712696
management,management,n08381165
mandarin,mandarine,n07747951
mandarin,mandarine,n10289671
mandarin,mandarine,n10289766
mandarin,mandarine,n10289863
mandarin,mandarine,n12709901
mandolin,mandoline,n03716966
mandrel,mandrin,n04277493
manganese,manganèse,n14644654
mangrove,mangrove,n12345899
maniac,maniaque,a02076416
maniac,maniaque,n10276764
manicure,manucure,n00660783
manicure,manucure,v00042479
manicure,manucure,v00042641
mannequin,mannequin,n03717921
mannequin,mannequin,n10291240
manometer,manomètre,n03718335
mansard,mansarde,a01221875
mansard,mansarde,n03718789
marabout,marabout,n02003204
marc,marc,n07904190
mardi gras,mardi gras,n00520059
mardi gras,mardi gras,n15241898
margarine,margarine,n07672914
marge,marge,n07672914
marinate,mariner,v00213544
marionette,marionnette,n04025350
marketing,marketing,n00082081
marketing,marketing,n01112420
marque,marque,n06845599
marquee,marquise,n03723153
marquis,marquis,n10295479
marquise,marquise,n03723153
marquise,marquise,n10293590
martinet,martinet,n10296444
mascot,mascotte,n10297234
masonry,maçonnerie,n00608896
masonry,maçonnerie,n03725717
masonry,maçonnerie,n08235513
masque,masque,n08253450
masquerade,mascarade,n00756194
massage,massage,n00659048
massage,massage,v00064487
massage,massage,v01232738
masseur,masseur,n10298202
masseuse,masseuse,n10298271
massif,massif,n09348460
massive,massif,a01389170
massive,massif,a01389451
match,match,n03728437
match,match,n03728811
match,match,n03728982
match,match,n05696020
match,match,n07470671
match,match,n09900981
match,match,n13596673
match,match,v00456596
match,match,v00456740
match,match,v01081152
match,match,v01293389
match,match,v02332627
match,match,v02594674
materiel,matériel,n03730153
matinee,matinée,n06894111
matte,mat,a00283972
mauve,mauve,a00377890
mauve,mauve,n04970544
maximum,maximum,a01495725
maximum,maximum,n05124928
maximum,maximum,n08598132
maximum,maximum,n13776137
may,mai,n12627750
may,mai,n15211484
mayonnaise,mayonnaise,n07834507
medallion,médaillon,n13393059
medieval,médiéval,a01537448
medieval,médiéval,a01729157
medieval,médiéval,a02989754
mediocre,médiocre,a01128253
mediocre,médiocre,a01673061
mediocre,médiocre,a02347564
melange,mélange,n08399977
melee,mêlée,n00554200
melodic,mélodique,a01501113
melodrama,mélodrame,n07016648
meme,mème,n05985126
menagerie,ménagerie,n03745146
menagerie,ménagerie,n08456888
menhir,menhir,n03745571
mentor,mentor,n10309496
menu,menu,n05911124
menu,menu,n06492939
menu,menu,n06493392
menu,menu,n07565083
mercantile,mercantile,a00483650
mercantile,mercantile,a00483816
mercantile,mercantile,a02995482
meringue,meringue,n07621140
merle,merle,n01558594
merlon,merlon,n03750614
messidor,messidor,n15177396
metacenter,métacentre,n05866822
metacentre,métacentre,n05866822
metamorphose,métamorphoser,v00384055
meteorology,météorologie,n06118563
meteorology,météorologie,n06749729
meter,mètre,n03753077
meter,mètre,n04991738
meter,mètre,n07094093
meter,mètre,n13659162
meter,mètre,v00490586
meter,mètre,v01273974
methylene,méthylène,n14951983
metis,métis,n10313000
metre,mètre,n04991738
metre,mètre,n07094093
metre,mètre,n13659162
metric,métrique,a02020310
metric,métrique,a02995636
metric,métrique,n13577171
metric,métrique,n13604275
metric,métrique,n13784906
metro,métro,n03757138
mezzanine,mezzanine,n03758089
mezzanine,mezzanine,n03758220
microbe,microbe,n01384491
microcosm,microcosme,n05938314
microfiche,microfiche,n03759243
midi,midi,n06666030
mien,mine,n04910377
migrant,migrant,n10314952
mike,mike,n03759954
milady,milady,n10315382
mile,mile,n07469325
mile,mile,n13651218
milieu,milieu,n14513944
militarism,militarisme,n06221974
military,militaire,a01517081
military,militaire,a01518386
military,militaire,a02764251
milkshake,milk-shake,n07923297
milliard,milliard,n13752033
milligram,milligramme,n13723061
millionaire,millionnaire,n10529555
milord,milord,n10318802
mime,mime,n00550016
mime,mime,n10318892
mime,mime,v01724185
mime,mime,v01743531
minaret,minaret,n03767745
mine,mine,n03768132
mine,mine,n03768346
minimize,minimiser,v00841125
minority,minorité,n05122850
minority,minorité,n07966570
minority,minorité,n15152261
minuet,menuet,n00536778
minuet,menuet,n07056113
minuscule,minuscule,a01394180
minuscule,minuscule,a01467534
minuscule,minuscule,a01474324
minuscule,minuscule,n06350592
minuscule,minuscule,n06824757
mirage,mirage,n05940214
mirage,mirage,n11484375
misalliance,mésalliance,n13965627
miscible,miscible,a00509377
mission,mission,n00730984
mission,mission,n00731222
mission,mission,n00970645
mission,mission,n08402442
mission,mission,n08403225
missouri,missouri,n06909079
missouri,missouri,n09660958
mistral,mistral,n11482873
mobilise,mobiliser,v00270215
mobilise,mobiliser,v01088381
mobilise,mobiliser,v01097960
mode,mode,n04928903
mode,mode,n06023675
mode,mode,n06861630
mode,mode,n13801424
mode,mode,n13802634
mode,mode,n13923929
modem,modem,n03777754
modernization,modernisation,n00264913
modification,modification,n00199707
modification,modification,n03778302
modification,modification,n07296428
modification,modification,n13800801
modiste,modiste,n10162354
module,module,n03778600
module,module,n03778817
module,module,n03779000
molecule,molécule,n14585519
molecule,molécule,n14682133
mollusc,mollusque,n01940736
monarchism,monarchisme,n06219300
mongolism,mongolisme,n14159623
monocle,monocle,n03783430
monogamy,monogamie,n13966007
monolith,monolithe,n03783755
monorail,monorail,n03784053
monsieur,monsieur,n10329675
montage,montage,n03067912
moquette,moquette,n03785237
moraine,moraine,n09358907
moral,moral,a01548193
moral,moral,a01780596
moral,moral,a02035086
moral,moral,n06606044
morale,moral,n04625129
morale,moral,n14374273
morel,morille,n13032115
morgue,morgue,n03785499
moribund,moribond,a00004171
moribund,moribond,a00810764
morion,morion,n03785721
morose,morose,a01137378
morpheme,morphème,n06306233
morphine,morphine,n03786417
moselle,moselle,n07896765
mosque,mosquée,n03788195
mot juste,mot juste,n07080778
motet,motet,n07280754
motif,motif,n03789014
motif,motif,n05920272
motif,motif,n07029682
motivation,motivation,n00023773
motivation,motivation,n00070641
motivation,motivation,n14578471
moue,moue,n06877742
mouflon,mouflon,n02415829
moustache,moustache,n05262185
mouton,mouton,n07666733
muleteer,muletier,n10338094
multiple,multiple,a02215977
multiple,multiple,n05859991
municipality,municipalité,n08225581
municipality,municipalité,n08626283
muscat,muscat,n07760153
muscle,muscle,n05030418
muscle,muscle,n05198132
muscle,muscle,n05289057
muscle,muscle,n05289297
muscle,muscle,n10339350
muscle,muscle,v02019431
musculature,musculature,n05461816
musket,mousquet,n03802007
muslin,mousseline,n03802393
mustache,moustache,n05262185
mutism,mutisme,n14551986
myriad,myriade,a00301951
myriad,myriade,n13751265
myriad,myriade,n13776726
mystify,mystifier,v00518653
mystique,mystique,n04727559
nacelle,nacelle,n03804211
nacre,nacre,n14758706
naif,naïf,a02271544
nandu,nandou,n01521756
narghile,narghilé,n03533014
nasal,nasal,a01213550
nasal,nasal,a02978781
nasal,nasal,n05277532
nasal,nasal,n07119211
nationalism,nationalisme,n04878101
nationalism,nationalisme,n05965022
nationalism,nationalisme,n05965195
nationalism,nationalisme,n07485047
nee,née,a01315339
negotiation,négociation,n01266364
negotiation,négociation,n07148192
negritude,négritude,n06219415
neologism,néologisme,n00940560
neologism,néologisme,n06294441
nepotism,népotisme,n01154900
neuroleptic,neuroleptique,n03713736
neutralization,neutralisation,n00233386
neutralization,neutralisation,n00234423
neutralization,neutralisation,n00234675
neutralization,neutralisation,n13521072
new wave,new wave,n08465558
new wave,new wave,n08469917
niche,niche,n04061969
niche,niche,n13872421
nicotine,nicotine,n14714817
nigerien,nigérien,a03091080
nigerien,nigérien,n09725124
nigger,nègre,n09638009
nitrate,nitrate,n15015501
nitrate,nitrate,v00185103
nitre,nitre,n14861355
nitrogen,nitrogène,n14647235
noblesse oblige,noblesse oblige,n01130735
nocturne,nocturne,n07047679
nom de guerre,nom de guerre,n06338278
nom de plume,nom de plume,n06338653
nominate,nominer,v00879540
nominate,nominer,v02396716
nominate,nominer,v02401523
nonchalant,nonchalant,a00545746
norm,norme,n13820655
norm,norme,n13854488
norman,normand,a03092824
norman,normand,a03092958
norman,normand,n09713260
normative,normatif,a02996239
nougat,nougat,n07608339
nouvelle cuisine,nouvelle cuisine,n07571903
nuance,nuance,n06606191
nubile,nubile,a01489325
nucellus,nucelle,n11679250
numeric,numérique,a01915586
numeric,numérique,a02769933
numismatics,numismatique,n01015996
obesity,obésité,n05000342
objective,objectif,a00013442
objective,objectif,a01615180
objective,objectif,a01934026
objective,objectif,a02861997
objective,objectif,n03838298
objective,objectif,n05981230
obscure,obscur,a00534250
observant,observant,a01745517
observation,observation,n00879759
observation,observation,n01002956
observation,observation,n05703429
observation,observation,n05818741
observation,observation,n06767035
observatory,observatoire,n03688943
observatory,observatoire,n03839671
observe,observer,v00732552
observe,observer,v01020005
observe,observer,v02118933
observe,observer,v02154508
observe,observer,v02169352
observe,observer,v02455407
observe,observer,v02457233
observe,observer,v02578872
octroi,octroi,n13317422
odalisque,odalisque,n10370603
oeuvre,œuvre,n03841417
offshore,offshore,a00464399
offshore,offshore,a01381340
offshore,offshore,r00140049
ogre,ogre,n09490825
oleaginous,oléagineux,a00992432
oleaginous,oléagineux,a02181432
oleander,oléandre,n11773987
oleoresin,oléorésine,n14896441
oligarchy,oligarchie,n08362455
omelette,omelette,n07842753
omnibus,omnibus,a00528041
omnibus,omnibus,n06592844
opacity,opacité,n04703424
opacity,opacité,n04823258
opacity,opacité,n11490058
opal,opale,n14688234
opt,opter,v00679389
optician,opticien,n10380000
optimist,optimiste,n10380126
option,option,n00161243
option,option,n05790944
option,option,n13241600
orange,orange,a00378892
orange,orange,n04965179
orange,orange,n07747607
orange,orange,n12708293
orange,orange,n14991210
orangutan,orang-outan,n02480495
orb,orbe,n05316025
orb,orbe,n13899404
ordeal,ordalie,n01196477
organdy,organdi,n03854421
orgasm,orgasme,n00062133
orient,orienter,n08562243
orient,orienter,v02159197
orient,orienter,v02712914
orient,orienter,v02713184
orientalism,orientalisme,n05168063
orientalism,orientalisme,n06158185
orientation,orientation,n00891512
orientation,orientation,n01052372
orientation,orientation,n05676755
orientation,orientation,n06200344
orientation,orientation,n06208021
orientation,orientation,n13828075
orthogonal,orthogonal,a01720642
orthogonal,orthogonal,a01974979
orthogonal,orthogonal,a01976532
osier,osier,n12725521
ottawa,ottawa,n09664450
oubliette,oubliette,n03858533
ouguiya,ouguiya,n13689765
ounce,once,n02128757
ounce,once,n13719922
ounce,once,n13722522
overdose,overdose,v00085353
oxygen,oxygène,n14648100
pacifist,pacifiste,a01741953
pacifist,pacifiste,n10390199
paddock,paddock,n03874487
pagination,pagination,n06258680
paleontology,paléontologie,n06073888
palette,palette,n03878674
palette,palette,n05128370
pamphlet,pamphlet,n06409290
pamphlet,pamphlet,n06413889
panache,panache,n04812871
panda,panda,n02509815
panda,panda,n02510455
panegyric,panégyrique,a00906099
panegyric,panégyrique,n06694149
pantograph,pantographe,n03885410
papa,papa,n09988063
papillon,papillon,n02086910
parachute,parachute,n03888257
parachute,parachute,v01968275
parade,parade,n00521085
parade,parade,n08428485
parade,parade,n08460395
parade,parade,v01924505
parade,parade,v01924712
paradise,paradis,n05628939
paradise,paradis,n08565506
paralyze,paralyser,v00268477
paralyze,paralyser,v00268796
parameter,paramètre,n05859071
parameter,paramètre,n06356299
parameter,paramètre,n07328305
parasol,parasol,n03889871
parfait,parfait,n07616386
parisienne,parisienne,n09708889
parity,parité,n04748426
parity,parité,n06105314
parity,parité,n13625482
parity,parité,n13790133
parity,parité,n14047171
park,parking,n03890881
park,parking,n08615638
parmesan,parmesan,n07854348
paroxysm,paroxysme,n14082788
parquet,parquet,n03892035
parquet,parquet,n03892178
partisan,partisan,n10059582
partisan,partisan,n10402086
partner,partenaire,n09935434
partner,partenaire,n10402417
partner,partenaire,n10640620
partner,partenaire,v02332086
partner,partenaire,v02371684
parvenu,parvenu,a01642379
parvenu,parvenu,a01850862
parvenu,parvenu,n10740868
pas,pas,n00286112
pascal,pascal,n06903115
pascal,pascal,n13711303
passe-partout,passe-partout,n03896984
passive,passif,a00039592
passive,passif,a00042228
passive,passif,a02513101
passive,passif,n13803431
passport,passeport,n04673668
passport,passeport,n06500937
passport,passeport,n06691083
pastel,pastel,a00409207
pastel,pastel,a00707087
pastel,pastel,n04974575
pasteurise,pasteuriser,v00364629
pasteurize,pasteuriser,v00364629
pastiche,pastiche,n03897520
pastiche,pastiche,n07047505
pastille,pastille,n07607967
pastis,pastis,n07910538
patchouli,patchouli,n03898271
patchwork,patchwork,n05953416
pathology,pathologie,n06060845
pathology,pathologie,n14204950
patina,patine,n03899612
patrol,patrouille,n00824808
patrol,patrouille,n08216176
patrol,patrouille,n08329113
patrol,patrouille,v02454939
pauline,pauline,a02775318
pearl,perle,n04961331
pearl,perle,n13372403
pearl,perle,n13901585
pearl,perle,v01383800
pectin,pectine,n14978232
pedal,pédale,a02776174
pedal,pédale,n03903424
pedal,pédale,n06858674
pedal,pédale,v01728052
pederast,pédéraste,n10411867
peignoir,peignoir,n03817647
penalty,penalty,n05163189
penalty,penalty,n05164845
penalty,penalty,n13300555
penchant,penchant,n07498210
penguin,pingouin,n02055803
pensive,pensif,a01362950
pensive,pensif,a02419434
peptide,peptide,n14743046
percale,percale,n03914831
perception,perception,n00876874
perception,perception,n05708432
perception,perception,n05710020
perception,perception,n05836468
perception,perception,n05930136
perch,perche,n02555863
perch,perche,n02556846
perch,perche,n03914919
perch,perche,n07780173
perch,perche,n08626758
perch,perche,n13614679
perch,perche,n13650921
perch,perche,v01543731
perch,perche,v01611240
perch,perche,v01978700
performance,performance,n00047106
performance,performance,n00550771
performance,performance,n06891493
performance,performance,n13525549
pericarp,péricarpe,n11684264
peridot,péridot,n14979961
periodic,périodique,a00594004
periodic,périodique,a01967240
periodicity,périodicité,n04767805
perisperm,périsperme,n11686652
peristyle,péristyle,n03917198
persecute,persécuter,v02585489
personnel,personnel,n08118991
pertinence,pertinence,n13795180
pertinent,pertinent,a00138314
pertinent,pertinent,a01975833
peruke,perruque,n03917327
pessary,pessaire,n03189461
petiole,pétiole,n13131618
petit mal,petit mal,n14083559
petite bourgeoisie,petite bourgeoisie,n08182105
phaeton,phaéton,n04459122
philanthropic,philanthropique,a00359645
philanthropic,philanthropique,a03006699
phosphate,phosphate,n07928578
phosphate,phosphate,n14982265
photogenic,photogénique,a00168820
physiology,physiologie,n05005064
physiology,physiologie,n06080522
physique,physique,n04998530
physique,physique,n05217168
pianist,pianiste,n10430665
pickpocket,pickpocket,n10431907
picnic,pique-nique,n00575365
picnic,pique-nique,n07576438
picnic,pique-nique,n15138691
picnic,pique-nique,v01168259
pika,pika,n02328429
pile,pile,n04541136
pince-nez,pince-nez,n03941586
pinot,pinot,n13146035
pin-up,pin-up,n09972458
piolet,piolet,n03556679
pipe,pipe,n03854815
pipe,pipe,n03944672
pipe,pipe,n03945167
pipe,pipe,n03945615
pipe,pipe,n13901321
pipe,pipe,v00914420
pipe,pipe,v01670645
pipe,pipe,v01727684
pipe,pipe,v01950295
pipette,pipette,n03947111
pirogue,pirogue,n03254374
pirouette,pirouette,n00343730
pirouette,pirouette,v02048384
pistil,pistil,n11676500
piston,piston,n03948950
piton,piton,n03951068
pivot,pivot,n03951971
pixel,pixel,n03952277
plage,plage,n09393524
plan,plan,n03954199
plan,plan,n05728678
plan,plan,n05898568
plan,plan,v01638368
plan,plan,v01639714
plant,plante,n00017222
plant,plante,v00734790
plant,plante,v01371201
plant,plante,v01528821
plant,plante,v01567275
plant,plante,v02322810
plaque,plaque,n02892201
plaque,plaque,n05244239
plateau,plateau,n09453008
platitude,platitude,n07154046
playlist,playlist,n06494016
plush,peluche,a02025274
plush,peluche,n03970546
plutonic,plutonique,a01355378
poilu,poilu,n10447828
pointillism,pointillisme,n08276053
poker,poker,n00494768
poker,poker,n03975926
polemic,polémique,a00602563
polemic,polémique,n07183660
polemic,polémique,n10448670
polka,polka,n00538144
polka,polka,n07056504
polonaise,polonaise,n03978815
polytheism,polythéisme,n06224305
pomade,pommade,n03980026
pomade,pommade,v00040084
pony,poney,n02380335
pony,poney,n02382437
pony,poney,n02385098
pony,poney,n04206225
pony,poney,n06347225
pornography,pornographie,n00747215
portable,portable,a01291589
portable,portable,a01525776
portable,portable,n03985069
poseur,poseur,n10455915
position,position,n00083448
position,position,n00586262
position,position,n00722479
position,position,n01051331
position,position,n05074774
position,position,n05079866
position,position,n06196284
position,position,n06208751
position,position,n06483454
position,position,n06783265
position,position,n08621598
position,position,n08622201
position,position,n08622586
position,position,n13925752
position,position,n13945919
post,poste,n00318186
post,poste,n06264398
post,poste,n08463063
post,poste,n08624385
post,poste,v01031256
poste restante,poste restante,n08145701
poster,poster,n09854510
post-it,post-it,n06259297
postpose,postposer,v01248205
postulant,postulant,n10459882
pot,pot,n03990474
pot,pot,n03991646
pot,pot,n04446521
pot,pot,n13769033
pot-au-feu,pot-au-feu,n07593004
pouf,pouf,n03858418
pourboire,pourboire,n13298701
pragmatic,pragmatique,a01835409
pragmatic,pragmatique,a01940651
pragmatic,pragmatique,a02783085
prairial,prairial,n15177244
prairie,prairie,n08619524
praline,praline,n07608866
precaution,précaution,n04664314
precaution,précaution,n05615869
precocity,précocité,n05620294
predictive,prédictif,a01883325
prehistoric,préhistorique,a00975011
prehistoric,préhistorique,a01730909
prehistoric,préhistorique,a02946359
premiere,première,a01012855
premiere,première,n06893285
premiere,première,v01718185
premiere,première,v01718331
prescience,prescience,n05919431
president,président,n00597265
president,président,n10467179
president,président,n10467395
president,président,n10468559
president,président,n10468750
president,président,n10468962
prestidigitation,prestidigitation,n00552312
prestidigitator,prestidigitateur,n10280674
prestige,prestige,n14435809
pretentious,prétentieux,a01848355
pretentious,prétentieux,a01849288
pretentious,prétentieux,a02394975
pretext,prétexte,n04678908
pretext,prétexte,n06759776
prie-dieu,prie-dieu,n04002371
prime time,prime time,n15166897
probable,probable,a01413247
probity,probité,n04869811
procedure,procédure,n00577068
procedure,procédure,n01023636
procedure,procédure,n01023820
procedure,procédure,n06582403
profile,profil,n06516404
profile,profil,n07002599
profile,profil,n08548415
profile,profil,n08613202
profile,profil,n14434329
profile,profil,v01680913
profile,profil,v01699346
program,programme,n00551215
program,programme,n05898568
program,programme,n05899087
program,programme,n06501311
program,programme,n06568978
program,programme,n06619428
program,programme,n06676416
program,programme,n06748466
proletariat,prolétariat,n08180639
prolific,prolifique,a01082115
prolific,prolifique,a01865967
promenade,promenade,n00284101
promenade,promenade,n00291663
promenade,promenade,n00540895
promenade,promenade,n04010205
promenade,promenade,n07449316
promenade,promenade,v01919226
promenade,promenade,v01924505
promotion,promotion,n00198451
promotion,promotion,n00249780
promotion,promotion,n07247071
promotion,promotion,n07251984
prose,prose,n06376572
prose,prose,n07072434
protectionism,protectionnisme,n06658786
protein,protéine,n14728724
protestant,protestant,a00514175
protestant,protestant,a02952622
protestant,protestant,n08087570
protestant,protestant,n09679316
prototype,prototype,n05937524
provenance,provenance,n08510456
provocateur,provocateur,n09778392
provoke,provoquer,v00794079
provoke,provoquer,v01646866
provoke,provoquer,v01759326
prude,prude,n10487026
pseudonym,pseudonyme,n06338278
psychiatry,psychiatrie,n06055946
psychology,psychologie,n06136258
pterodactyl,ptérodactyle,n01723579
pub,pub,n04018399
publicity,publicité,n07247071
pudding,pudding,n07612996
pudding,pudding,n07617188
pudding,pudding,null
pullover,pull-over,n04021028
pump,pompe,n04021798
pump,pompe,n04022332
pump,pompe,n05388805
pump,pompe,v00788057
pump,pompe,v01155307
pump,pompe,v01225684
pump,pompe,v01853069
pump,pompe,v01853192
pump,pompe,v01853310
pump,pompe,v02068324
pump,pompe,v02356113
punk,punk,a02346013
punk,punk,n07065740
punk,punk,n10492894
punk,punk,n15101586
punk,punk,n15101723
puree,purée,n07651025
purist,puriste,n10494037
puritan,puritain,a01300370
puritan,puritain,n10487026
puritan,puritain,n10494373
puzzle,puzzle,n06784639
pyjama,pyjama,n03877472
pyramid,pyramide,n13343284
pyramid,pyramide,n13914837
pyramid,pyramide,v00158094
pyramid,pyramide,v01466047
pyramid,pyramide,v02246300
pyramid,pyramide,v02290756
pyroxene,pyroxène,n14693396
quadruped,quadrupède,a00241816
quadruped,quadrupède,n02156871
quantum,quantum,n05855517
quantum,quantum,n05855748
quark,quark,n07854455
quark,quark,n09401834
quarter,quartier,n08627919
quarter,quartier,n10498699
quarter,quartier,n13737480
quasar,quasar,n09402370
quatrain,quatrain,n06384480
questionnaire,questionnaire,n06474122
queue,queue,n06494816
queue,queue,n08432345
quiche,quiche,n07619594
racism,racisme,n01155044
racism,racisme,n06203758
racist,raciste,a00285905
racist,raciste,a01928283
racist,raciste,n10502950
racket,racket,n07390945
raconteur,raconteur,n09793352
radical,radical,n06300193
radical,radical,n13731530
ragout,ragoût,n07592656
raid,raid,n00976953
rail,rail,n02014941
rail,rail,n04046590
rail,rail,n04046810
rail,rail,n04047401
rail,rail,n04463679
rail,rail,v00841767
rail,rail,v00847870
rail,rail,v00911261
rail,rail,v01141271
rail,rail,v01503268
rail,rail,v01954559
rail,rail,v02031430
rail,rail,v02330407
rail,rail,v02711543
raillery,raillerie,n06777794
ramp,rampe,n04051549
ramp,rampe,n04615728
rampart,rempart,n04051825
rap,rap,n06713752
rap,rap,n07064055
rap,rap,n07141537
rap,rap,n07388987
rap,rap,v01042432
rap,rap,v01414288
rap,rap,v01715997
rap,rap,v02185373
rapid,rapide,a00979697
rapid,rapide,a00979862
rapid,rapide,n09405396
rappel,rappel,v01923058
rapporteur,rapporteur,n10507565
rapprochement,rapprochement,n01205827
ratafia,ratafia,n07911061
ration,ration,n07565725
ration,ration,n13286099
ration,ration,v02234803
ration,ration,v02234988
rationality,rationalité,n04784978
rationality,rationalité,n14379829
ravine,ravin,n09405787
reactionary,réactionnaire,a02030562
reactionary,réactionnaire,n10508475
reality,réalité,n04762355
reality,réalité,n05809878
reality,réalité,n13955461
reality,réalité,n13956097
realize,réaliser,v00591115
realize,réaliser,v00728617
realize,réaliser,v01644746
realize,réaliser,v01707495
realize,réaliser,v02244603
realize,réaliser,v02289295
rebus,rébus,n06786486
recalcitrant,récalcitrant,a00696335
recalcitrant,récalcitrant,a01614127
recidivist,récidiviste,n10511239
recidivist,récidiviste,n10511425
reciprocity,réciprocité,n13841213
reconnaissance,reconnaissance,n00984609
record,record,n13596986
recreation,récréation,n00401783
recreation,récréation,n00426928
recruit,recruter,v01098452
recruit,recruter,v02240319
recruit,recruter,v02471327
recruitment,recrutement,n01263711
recursive,récursif,a00092848
recycle,recycler,v01162425
recycle,recycler,v02052877
redoubt,redoute,n04148936
redoubtable,redoutable,a00195383
refection,réfection,n07574426
reform,réforme,n00260622
reform,réforme,n00261405
reform,réforme,n00800940
reform,réforme,v00167934
reform,réforme,v00265386
reform,réforme,v00265673
reform,réforme,v00265941
reform,réforme,v00266081
reform,réforme,v00384620
refrain,refrain,n07050177
refrain,refrain,v01196037
refugee,réfugié,n10516016
refuse,refuser,n14857151
refuse,refuser,v00797430
refuse,refuser,v02212825
refuse,refuser,v02237338
refuse,refuser,v02707800
refuse,refuser,v02755017
regale,régaler,v01176232
regime,régime,n05909585
regime,régime,n08050678
relish,relish,n05715864
relish,relish,n07491981
relish,relish,n07582441
remake,remake,n04074329
remarkable,remarquable,a01678417
remarkable,remarquable,a02163602
renaissance,renaissance,n01047803
rendezvous,rendez-vous,n01231548
rendezvous,rendez-vous,n08385717
rendezvous,rendez-vous,n08642870
rendezvous,rendez-vous,v02487226
rente,rente,n13294503
rentier,rentier,n10520964
repartee,repartie,n06777687
repechage,repêchage,n07464234
repent,repentir,v01796582
repent,repentir,v01796800
repertoire,répertoire,n08336627
repertoire,répertoire,n08336844
reportage,reportage,n06683784
reporter,reporter,n10521662
reprimand,réprimande,n06711855
republic,république,n08361329
republic,république,n08362917
republican,républicain,n10522633
reseda,réséda,n12385429
resentment,ressentiment,n07548978
reservoir,réservoir,n04078574
reservoir,réservoir,n04078747
resistance,résistance,n00202284
resistance,résistance,n00955987
resistance,résistance,n01169317
resistance,résistance,n04079933
resistance,résistance,n05213894
resistance,résistance,n08360672
resistance,résistance,n11503644
resistance,résistance,n11503968
resistance,résistance,n14527171
resonant,résonnant,a02010536
responsible,responsable,a00324878
responsible,responsable,a01996377
responsible,responsable,a02465350
restaurant,restaurant,n04081281
restaurateur,restaurateur,n10524869
resume,résumé,n06468403
retain,retenir,v00610010
retain,retenir,v02283324
retain,retenir,v02410175
retain,retenir,v02701628
reticule,réticule,n04082886
reveal,révéler,v00933821
reveal,révéler,v02143283
reveal,révéler,v02144243
reverie,rêverie,n05700793
reverie,rêverie,n05769471
revision,révision,n00399393
revision,révision,n06428976
revolt,révolter,v02583780
revolver,revolver,n04086273
revolver,revolver,n04086446
revue,revue,n07019866
riant,riant,a01149358
ridicule,ridicule,n01224517
risque,risqué,a02132224
rissole,rissole,n07866277
roast beef,rosbif,n07663796
rock,rock,n00348008
rock,rock,n07064715
rocket,roquette,n04099175
rocket,roquette,n04099429
rocket,roquette,n04232902
rocket,roquette,n07263053
rocket,roquette,n11886537
rocket,roquette,v01241753
rocket,roquette,v01944086
rococo,rococo,a01796844
rococo,rococo,n04699767
role,rôle,n00720565
role,rôle,n00722061
role,rôle,n05149325
role,rôle,n05929008
romantic,romantique,a01465214
romantic,romantique,a01837182
romantic,romantique,a02789151
romantic,romantique,n10537822
romantic,romantique,n10537906
rondeau,rondeau,n06380879
rondeau,rondeau,n07043968
roquette,roquette,n11886537
rose,rose,a00382173
rose,rose,n04971313
rose,rose,n07893253
rosette,rosette,n04109899
rosette,rosette,n04110178
rosette,rosette,n13161998
rosette,rosette,n14281549
roulette,roulette,n00509399
roulette,roulette,n04113194
roulette,roulette,n13908580
routine,routine,a01674242
routine,routine,n01026482
routine,routine,n06582403
routine,routine,n06892016
roux,roux,n07839478
rugby,rugby,n00470966
rump steak,rumsteck,n07662618
sabayon,sabayon,n07621497
sabotage,sabotage,n01244895
sabotage,sabotage,v02543607
saboteur,saboteur,n10087255
saboteur,saboteur,n10544748
sabre,sabre,n02987492
sabre,sabre,n04121511
sabre,sabre,v01326730
sabre,sabre,v01554622
sac,sac,n13914473
sachet,sachet,n04122685
sainfoin,sainfoin,n12552309
salmi,salmis,n07592922
salsify,salsifis,n07735052
salsify,salsifis,n12027538
sanction,sanction,n01124246
sanction,sanction,n01139000
sandwich,sandwich,n07695965
sandwich,sandwich,v01529906
sandwich,sandwich,v01665081
sanitary,sanitaire,a02112976
sarcophagus,sarcophage,n04136045
sardine,sardine,n02532602
sardine,sardine,n02533209
sardine,sardine,n07794063
sardine,sardine,n15019734
sardonic,sardonique,a02079830
satyr,satyre,n09548111
satyr,satyre,n10552980
savant,savant,n10206887
savoir-faire,savoir-faire,n04842232
saxophone,saxophone,n04141076
scan,scanner,n04142549
scanner,scanneur,n04143140
schist,schiste,n14889371
scooter,scooter,n01853498
scooter,scooter,n03556811
scooter,scooter,n03791053
scooter,scooter,n04149374
scooter,scooter,n04562122
score,score,n05737153
score,score,n08272652
score,score,v00657728
score,score,v01004062
score,score,v01275762
scotch,scotch,n07907548
secretariat,secrétariat,n08324274
seiche,seiche,n07346195
seine,seine,n04168541
seine,seine,v01140184
selenium,sélénium,n14654175
semantic,sémantique,a02842042
semantics,sémantique,n06179792
semaphore,sémaphore,n04171208
semaphore,sémaphore,v01040158
semaphore,sémaphore,v01040278
semite,sémite,n09639919
seneschal,sénéchal,n10283546
sensibility,sensibilité,n05652926
sensibility,sensibilité,n07512848
sentence,sentence,n01189282
sentiment,sentiment,n05945642
sentiment,sentiment,n07481951
sepal,sépale,n11690612
sequin,sequin,n04173698
serenade,sérénade,n07042586
serenade,sérénade,n07053732
serenade,sérénade,v01703857
serge,serge,n04174026
serin,serin,n01533651
serval,serval,n02126139
serve,servir,v01077568
serve,servir,v01095218
serve,servir,v01180351
serve,servir,v01181295
serve,servir,v01428011
serve,servir,v01438681
serve,servir,v02411621
serve,servir,v02540670
serve,servir,v02541251
serve,servir,v02593107
serve,servir,v02669789
serve,servir,v02670398
serve,servir,v02670578
serve,servir,v02670890
serve,servir,v02709107
serviette,serviette,n03807537
sex appeal,sex-appeal,n04686935
sexy,sexy,a02131072
sexy,sexy,a02137538
seychellois,seychellois,a03116517
seychellois,seychellois,n09730951
shako,shako,n02817516
shallot,échalote,n07723177
shallot,échalote,n12433178
shallot,échalote,n12433429
shivaree,charivari,n07054122
shooting brake,break,n04201733
shopping,shopping,n04203889
shortstop,arrêt-court,n00723984
shortstop,arrêt-court,n10592986
signature,signature,n04931428
signature,signature,n06256041
signature,signature,n06404582
signature,signature,n06863618
signature,signature,n07029088
silage,ensilage,n07801342
silhouette,silhouette,n04219277
silhouette,silhouette,n08613345
silhouette,silhouette,v01680621
silhouette,silhouette,v02138283
similar,similaire,a01409581
similar,similaire,a01410606
similar,similaire,a01978532
similar,similaire,a02071420
similar,similaire,a02381495
simple,simple,a00750296
simple,simple,a01792573
simple,simple,a01793812
simple,simple,a01841390
simple,simple,a02166346
simple,simple,a02174896
simple,simple,a02272047
simple,simple,n10599354
simple,simple,n12212690
sinecure,sinécure,n00604228
sinecure,sinécure,n13248274
sirup,sirop,n07859583
sitcom,sitcom,n07017733
situation,situation,n00586262
situation,situation,n08622950
situation,situation,n13925752
situation,situation,n13927383
situation,situation,n14411243
skateboard,skateboard,n04225987
skateboard,skateboard,v01937795
smoking jacket,smoking,n03692136
snub,snober,v01059564
sobriquet,sobriquet,n06337693
socialism,socialisme,n06220616
socialism,socialisme,n08366202
sociology,sociologie,n06151693
socle,socle,n04255499
soda,soda,n07927512
soda,soda,n15044844
sofa,sofa,n04256520
soffit,soffite,n04256758
soi-disant,soi-disant,a01918001
soiree,soirée,n08255231
soixante-neuf,soixante-neuf,n00855407
solenoid,solénoïde,n04259202
solidarity,solidarité,n04765038
solidification,solidification,n13491060
solidify,solidifier,v00445169
solidify,solidifier,v00445467
somber,sombre,a00405179
sombre,sombre,a00405179
sommelier,sommelier,n10623806
somnolent,somnolent,a00189253
sonar,sonar,n04259771
sorbet,sorbet,n07615289
sou,sou,n13393265
sourdine,sourdine,n04264050
soutache,soutache,n04264134
soutane,soutane,n04264233
souvenir,souvenir,n03610270
souvenir,souvenir,n05813822
spallation,spallation,n13559509
spam,spam,n06280347
spam,spam,n07573347
spam,spam,v01032715
spammer,spammer,n10629545
specialist,spécialiste,n10631941
specialist,spécialiste,n10632576
specter,spectre,n05898171
specter,spectre,n09547111
sponsor,sponsor,n10407954
sponsor,sponsor,n10466198
sponsor,sponsor,v02219940
sponsor,sponsor,v02220148
sponsor,sponsor,v02466134
sport,sport,n00433216
sport,sport,n00523513
sport,sport,n06780882
sport,sport,n10638922
sport,sport,v01883716
sport,sport,v02631659
sprint,sprint,n00294452
sprint,sprinter,v01928579
sprinter,sprinter,n10641413
squadron,escadron,n08219768
squadron,escadron,n08220089
squadron,escadron,n08220228
squash,squash,n00479887
squat,squat,n00344942
squat,squat,n00630071
squaw,squaw,n10643400
squill,scille,n12461466
squill,scille,n12462582
squill,scille,n12462805
standard,standard,a00487525
standard,standard,a01960076
standard,standard,a02294777
standard,standard,a02295998
standard,standard,a02297664
standard,standard,n04301242
standard,standard,n05924920
standard,standard,n07260623
standard,standard,n13373214
standard,standard,n13617952
statuesque,statuesque,a02139793
statuesque,statuesque,a02386418
steak,steak,n07657903
stearin,stéarine,n15057103
stele,stèle,n04313628
steppe,steppe,n09445289
stereotype,stéréotype,n05927586
stereotype,stéréotype,v00656292
stethoscope,stéthoscope,n04317175
stock,stock,n04321534
stock,stock,n13367070
stock,stock,v02285392
stop,stop,n02982790
stress,stress,n14410089
strident,strident,a00300359
strident,strident,a01920367
striptease,striptease,n00531490
striptease,striptease,n10664340
structure,structure,n04341686
structure,structure,n04931965
structure,structure,n05225602
structure,structure,n05726345
structure,structure,n08378819
structure,structure,v00404222
strychnine,strychnine,n14715008
studio,studio,n04344734
subliminal,subliminal,a01749125
subsection,sous-section,n04348548
suite,suite,n08429167
sulfate,sulfate,n15063493
sultan,sultan,n10674315
sumptuous,somptueux,a02024928
supporter,supporter,n03421117
supremacy,suprématie,n14442530
suricate,suricate,n02138777
surplus,surplus,n05119714
surveillance,surveillance,n00652466
suv,suv,n04285965
suzerain,suzerain,n08170535
svelte,svelte,a00990855
svelte,svelte,a01140290
swing,swing,n07066042
symbol,symbole,n05765415
symbol,symbole,n06806469
syndicalism,syndicalisme,n08321621
syndicate,syndicat,n08246302
syndicate,syndicat,n08355324
synthetic,synthétique,a00111129
synthetic,synthétique,a00111856
synthetic,synthétique,a00112628
synthetic,synthétique,a01118409
synthetic,synthétique,a01572458
synthetic,synthétique,a01573568
synthetic,synthétique,n14901959
systematic,systématique,a02382934
taciturn,taciturne,a02383380
taffeta,taffetas,n04383839
tailor,tailleur,n10689564
tailor,tailleur,v00301662
tailor,tailleur,v01666327
tailor,tailleur,v01666717
talisman,talisman,n02706586
talus,talus,n09454153
tamanoir,tamanoir,n02460451
tambourine,tambourin,n04387400
tampon,tampon,n04388162
tampon,tampon,v01423167
tank,tank,n03102771
tank,tank,n04388743
tank,tank,n04389033
tank,tank,n04389521
tank,tank,n13770529
tank,tank,v01171563
tank,tank,v02282082
tapenade,tapenade,n07858336
tapir,tapir,n02393580
tariff,tarif,n13315999
tariff,tarif,v02307993
tarsier,tarsier,n02501583
tartan,tartane,n04395106
tattoo,tatouer,n00263353
tattoo,tatouer,n04395651
tattoo,tatouer,n06805497
tattoo,tatouer,v01681333
taximeter,taximètre,n04396335
technique,technique,n05643190
technique,technique,n05665146
telecommunication,télécommunication,n06128307
telecommunication,télécommunication,n06271778
telegraph,télégraphe,n04400499
telegraph,télégraphe,v01007222
telephone,téléphone,n04401088
telephone,téléphone,n06272290
television,télévision,n04404412
television,télévision,n04405907
television,télévision,n06277280
tennis,tennis,n00482298
tenon,tenon,n04409911
tepal,tépale,n11551044
terminal,terminal,a00994073
terminal,terminal,a01010271
terminal,terminal,a01016035
terminal,terminal,a02812147
terminal,terminal,n04412901
terminal,terminal,n04413151
terminal,terminal,n04413419
terminus,terminus,n04412901
terminus,terminus,n04413631
terminus,terminus,n04413723
terminus,terminus,n05981768
terminus,terminus,n08566554
termite,termite,n02223266
terrace,terrasse,n03899768
terrain,terrain,n08674563
terrine,terrine,n07880213
terrorist,terroriste,n10702781
test,test,n00791078
test,test,n00794367
test,test,n01006675
test,test,n01904699
test,test,n05799212
test,test,n07197021
test,test,v00669970
test,test,v00786458
test,test,v00920778
test,test,v01112584
test,test,v02533109
test,test,v02745713
tetany,tétanie,n14310504
texture,texture,n04946877
texture,texture,n04950537
texture,texture,n04984007
texture,texture,n05849667
theatre,théâtre,n04417809
theatre,théâtre,n07006119
theatre,théâtre,n08551628
theism,théisme,n06223669
theodicy,théodicée,n06183745
thermidor,thermidor,n15177549
thermometer,thermomètre,n04421872
thriller,thriller,n06370403
thyroid,thyroïde,a02981115
thyroid,thyroïde,a02981329
thyroid,thyroïde,n05330244
tic,tic,n14361972
ticket,ticket,n04716703
ticket,ticket,n06495948
ticket,ticket,n06518719
ticket,ticket,n06558678
ticket,ticket,v02329413
ticket,ticket,v02498716
timbre,timbre,n04987620
timid,timide,a00251809
timid,timide,a00265989
timid,timide,a00339941
timid,timide,n07944900
tinamou,tinamou,n01810268
tint,teinte,n04959230
tint,teinte,v00286928
tirade,tirade,n07233415
titer,titre,n05038823
titrate,titrer,v00491910
titre,titre,n05038823
toast,toast,n07686873
toast,toast,n07884413
toast,toast,n10137936
toast,toast,n10713367
toast,toast,v00322151
toast,toast,v01175467
toilet water,eau de toilette,n04448070
toilette,toilette,n00828704
tonality,tonalité,n06863751
tone,ton,n04959230
tone,ton,n04987620
tone,ton,n05719605
tone,ton,n06865345
tone,ton,n14526182
toner,toner,n04450640
toner,toner,n15076011
tonne,tonne,n13725588
torrent,torrent,n07407593
torrent,torrent,n11502102
torrent,torrent,n13775706
toucan,toucan,n01843383
tour de force,tour de force,n00047018
tour de france,tour de france,n07459363
tour,tour,n00310666
tour,tour,n15292069
tourism,tourisme,n00298161
tourmaline,tourmaline,n15076619
tourniquet,tourniquet,n03082656
toxic,toxique,a02449430
toxicology,toxicologie,n06064462
traffic,trafic,n00040804
traffic,trafic,n01113867
traffic,trafic,n07279453
traffic,trafic,n08425303
traffic,trafic,v02260770
traffic,trafic,v02261123
tragedienne,tragédienne,n10721819
traitress,traîtresse,n10723230
trammel,tramail,n04469147
trammel,tramail,n04469251
trammel,tramail,n04469345
tranche,tranche,n13285619
trapeze,trapèze,n04475411
trench coat,trench-coat,n04479046
tricolour,tricolore,n04481796
tricycle,tricycle,n04482393
trimester,trimestre,n15225929
trimester,trimestre,n15226732
triple sec,triple sec,n07910048
trochaic,trochaïque,a03126499
trochee,trochée,n07095653
troll,troll,n00454493
troll,troll,n04486934
troll,troll,n07053089
troll,troll,n09502481
troll,troll,v00745383
troll,troll,v00827601
troll,troll,v01049373
troll,troll,v01141763
troll,troll,v01731577
troll,troll,v01887454
troll,troll,v02044503
trolley,trolley,n04335435
trompe l'oeil,trompe-l’œil,n04487576
troposphere,troposphère,n09462600
trousseau,trousseau,n04489695
truffle,truffe,n07609632
truffle,truffe,n07736971
truffle,truffe,n12985420
truism,truisme,n07154243
trust,trust,n13929852
tulip,tulipe,n12454159
tulle,tulle,n04496614
tumescence,tumescence,n14318210
tunnel,tunnel,n04497962
tunnel,tunnel,n09230041
tunnel,tunnel,v01444037
tunnel,tunnel,v02042067
turbine,turbine,n04498523
tutu,tutu,n02780815
typography,typographie,n01103000
typography,typographie,n06677974
unique,unique,a00491511
unique,unique,a00505853
unique,unique,a01105042
unique,unique,a02215087
urea,urée,n15085472
uric,urique,a03127718
usual,usuel,a00489108
usurp,usurper,v02274482
usurp,usurper,v02406287
utilise,utiliser,v01158872
vagabondage,vagabondage,n00297062
valise,valise,n04518764
valley,vallée,n09468604
valse,valse,n00537534
variable,variable,a01028796
variable,variable,a02504131
variable,variable,a02507515
variable,variable,n05857459
variable,variable,n07271280
variable,variable,n09468959
variable,variable,n09469152
varnish,vernis,n04521987
varnish,vernis,v01269008
vaseline,vaseline,n04522309
vaudeville,vaudeville,n07020423
vehicle,véhicule,n04524313
vehicle,véhicule,n06255081
vehicle,véhicule,n09283193
velocipede,vélocipède,n04482393
velocipede,vélocipède,n04524716
velodrome,vélodrome,n04524833
velour,velours,n04524941
venal,vénal,a00621207
vend,vendre,v02302817
ventilator,ventilateur,n04526964
veranda,véranda,n04527648
vermilion,vermeil,a00385188
vermilion,vermeil,n04964977
vermilion,vermeil,v00535148
vernier,vernier,n04529108
versant,versant,n09361517
verst,verste,n13652799
verticality,verticalité,n05079638
vestibule,vestibule,n02715513
vestibule,vestibule,n05304603
vibe,vibe,null
vibration,vibration,n00345926
vibration,vibration,n07345166
vibration,vibration,n14004572
vibration,vibration,null
vigilant,vigilant,a00091764
village,village,n08226699
village,village,n08672738
vinaigrette,vinaigrette,n07833816
vinyl,vinyle,n15088183
vinyl,vinyle,n15088308
violation,violation,n00733483
violation,violation,n00770270
violation,violation,n00770543
violation,violation,n00773402
virion,virion,n01329935
visualise,visualiser,v01636008
visualise,visualiser,v02151603
vitality,vitalité,n04633453
vitality,vitalité,n05005809
vitality,vitalité,n11523839
vitality,vitalité,n14050143
vitrine,vitrine,n02975212
vocabulary,vocabulaire,n05651242
vocabulary,vocabulaire,n05663275
vocabulary,vocabulaire,n06420678
voile,voile,n04539794
volcanic,volcanique,a01355746
volcanic,volcanique,a02293760
volcanic,volcanique,a02826169
volcanism,volcanisme,n11524110
volcano,volcan,n09470550
volcano,volcan,n09472597
volition,volition,n00163047
volition,volition,n05652593
volleyball,volley-ball,n00480211
volleyball,volley-ball,n04540053
volte-face,volte-face,n00163406
vote,vote,n00182213
vote,vote,n00183505
vote,vote,n05857165
vote,vote,n08480662
voussoir,voussoir,n04542329
voyage,voyage,n00312553
voyage,voyage,n00312784
voyage,voyage,v01846320
voyeur,voyeur,n10761326
walkman,walkman,n04546340
wallaby,wallaby,n01877812
walloon,wallon,n06966070
walloon,wallon,n09750641
water polo,water polo,n00464478
web,web,n04604276
webcam,webcam,n04569063
weekend,week-end,n15170504
weekend,week-end,v02707987
whisky,whiskey,n07906284
whisky,whisky,n07906284
whist,whist,n00496167
wig,perruque,n04584207
wig,perruque,n06713099
yacht club,yacht-club,n08230785
yacht,yacht,n04610013
yacht,yacht,v01945381
yurt,yourte,n04613696
zero,zéro,a02186132
zero,zéro,a02201882
zero,zéro,a02269142
zero,zéro,a03145851
zero,zéro,n05856217
zero,zéro,n13740168
zero,zéro,n13742358
zero,zéro,v00297333
zero,zéro,v00297507
zigzag,zigzag,a02314451
zigzag,zigzag,n13887319
zigzag,zigzag,r00498068
zigzag,zigzag,v01991744
zircon,zircon,n15109127
zygomatic,zygomatique,a03146117
zygomatic,zygomatique,n05273822
